id	RsmmID	Titel	Serie	Länge	Sendezeit	Titel_Sprache	Beschreibung_Sprache	Block	MO	DI	MI	DO	FR	SA	SO	Bild
1	04559	Gabe Selbsthilfe	MED	00:23:00	13.07.2026 00:00:00	« Des conseils pour se venir soi-même en aide »	Si nous voulons prendre notre vie en main et ne pas nous laisser manipuler par le désir d'être reconnu ou par les déceptions et la colère, nous devons mettre à profit « l'énergie du jour ».		False	False	False	False	False	False	False	GabeSelbsthilfe.jpg
3	08207	Zuversicht 2	MED	00:10:00	13.07.2026 00:27:00	Méditation sur la confiance (02)	« La confiance, un gain en Vie. »		False	False	False	False	False	False	False	Löwenzahn.jpg
8	02449	ProphStimme	SNJ-SN	00:30:00	13.07.2026 00:45:30	La voix du prophète pour les animaux	Un plaidoyer pour les animaux		False	False	False	False	False	False	False	ReportageLeb-11.jpg
14	43872	FGE Rückmeldungen 04	FGE	00:18:30	13.07.2026 01:26:00	Nous lisons... tu veux écouter ? (4)	Ressentir dans ce que les autres disent... Des jeunes sur le chemin qui mène au Christ		False	False	False	False	False	False	False	FGE_Rückmeldungen.jpg
17	47907	LebenDesSommers	MED	00:23:30	13.07.2026 01:51:00	La Vie de l'été, la maturité	Réflexion méditative : La Vie de l'été, la maturité - la Vie en nous		False	False	False	False	False	False	False	FR_MED_LebenDesSommers.jpg
19	46609	LerneBeten 1 NEU	LES	00:22:30	13.07.2026 02:18:00	Apprends à prier (1) 	Apprends à prier. Dans la prière véritable, tu fais l'expérience de Dieu. La prière véritable rend heureux (1ère partie)		False	False	False	False	False	False	False	AmSeeufer.jpg
20	25868	Klassik Seele 42e_11	KONZ1	00:11:00	13.07.2026 02:40:30	Musique classique pour l'âme	Le troisième chant d'Ellen de F. Schubert, « Schafe können sicher weiden » (Les brebis peuvent paître en toute sécurité) tiré de la cantate BWV 208 de J.S. Bach (déc. 2014)		False	False	False	False	False	False	False	KlassikSeele.jpg
21	36977	Die neue Landwirtschaft	GR-SON	00:32:30	13.07.2026 02:51:30	La Nouvelle Agriculture (introduction)	Émission spéciale : « La Nouvelle Agriculture sous le signe de la Terre messianique et sophianique d’Isaïe, dans l’œuvre de réalisation de l’amour pour Dieu et pour le prochain », un enseignement donné en février 2022 par l'Esprit de l'amour pour Dieu et pour le prochain.		False	False	False	False	False	False	False	SchmetterlingUndGetreide_korr.jpg
23	44701	FGE Rückmeldungen 07	FGE	00:17:30	13.07.2026 03:25:00	Nous lisons... tu veux écouter ? (7)	Ressentir dans ce que les autres disent... Des jeunes sur le chemin qui mène au Christ 		False	False	False	False	False	False	False	FR_FGE_Rueckmeldung01.jpg
25	45213	UrchristlicherStrom 02	SON	00:54:30	13.07.2026 03:44:30	La parole prophétique... (2)	La parole prophétique dans le courant du christianisme des origines - aujourd'hui et à toutes les époques - et la tentative d'éliminer les Communes des origines, tous ceux qui étaient dans le sillage de Jésus de Nazareth (2ème partie)		False	False	False	False	False	False	False	FR_UrchrislicherStrom2_bearb.jpg
27	32205	Sternstunden 08	MED	00:38:00	13.07.2026 04:40:00	« Moments lumineux avec Gabriele » (08)	Notre corps physique - le microcosme dans le macrocosme.		False	False	False	False	False	False	False	Sternstunden-08.jpg
29	41743	FGE VS Les 03 BroschEwGesetz	FGE	00:06:00	13.07.2026 05:23:30	Unis et sois (03)	« Nous sommes les Communautés libres - Unis et sois » Thème : La Loi éternelle.		False	False	False	False	False	False	False	FR_FGE-VS.jpg
31	03609	ChristusErfahren	MED	00:26:00	13.07.2026 05:31:00	« Ressentir le Christ en nous »	Méditation. Lorsque nous prions, nous parvenons à prendre un peu de distance par rapport aux problèmes, aux situations et aux événements que nous apporte la journée. Nous sommes plus réceptifs au grand amour qui habite en nous…		False	False	False	False	False	False	False	zz BotschaftAusDemAll-02.jpg
33	27780	Sternstunden 6	MED	00:30:00	13.07.2026 06:00:30	« Moments lumineux avec Gabriele » (06)	Sois silencieux, Dieu habite en toi. Le renouvellement de la vie qui vient de l'intérieur  		False	False	False	False	False	False	False	ÄsteMitSchneeSonne.jpg
35	19890	IhreGedanken 10 1Mo	GH	00:15:00	13.07.2026 06:33:00	Pensées pour la journée, semaine 10  	Semaine 10 : Lundi. Des aides pour la journée données par Gabriele.		False	False	False	False	False	False	False	Woche10GedankenTag.jpg
37	20884	Medikurs1 06	MED	00:26:00	13.07.2026 06:50:30	Méditer dans l'esprit du christianisme des origines (6)	« Mon âme s'ouvre comme une rose. » Ces méditations du christianisme des origines nous aident à orienter de plus en plus nos sentiments, nos pensées et nos actions sur Dieu, la Vie en nous et en toute existence. 		False	False	False	False	False	False	False	Medikurs.jpg
40	42331	FGE VS Les 20 ErfülltesLeben2	FGE	00:07:30	13.07.2026 07:22:00	Unis et sois (20)	« Nous sommes les Communautés libres - Unis et sois » Thème : Une vie riche jusqu'à un âge avancé 		False	False	False	False	False	False	False	FR_FGE-VS.jpg
43	45338	Christus Okt25	OFF	00:32:00	13.07.2026 07:33:00	« Je vous apporte la paix et l'amour »	Révélation du Christ de Dieu dans la Commune fondatrice du Seigneur pour l'édification du Royaume de Paix du Christ de Dieu, le 3 octobre 2025, l'an 2 de l'Ère messianique et sophianique : « Je vous apporte la paix et l'amour »		False	False	False	False	False	False	False	ChristusAbbildZelt.jpg
46	19891	IhreGedanken 10 2Di	GH	00:15:00	13.07.2026 08:09:00	Pensées pour la journée, semaine 10  	Semaine 10 : Mardi. Des aides pour la journée données par Gabriele.		False	False	False	False	False	False	False	Woche10GedankenTag.jpg
48	40244	Prüfungen 3KiZ 	LIOS	00:18:00	13.07.2026 08:25:00	Série « LIOBANI pour les petits et les grands »	« Ne pas avoir peur des examens écrits et oraux. » L’école pour la Nouvelle Jérusalem, pour une autre époque – sous le signe du Christ de Dieu, de l’amour pour Dieu et pour le prochain.  		False	False	False	False	False	False	False	Prüfungen.jpg
50	35389	WahrnehmungTiere 1KiZ	LIOS	00:13:30	13.07.2026 08:44:30	Série « LIOBANI pour les petits et les grands »	« La fine perception des animaux. » L'école pour la Nouvelle Jérusalem, pour une autre époque – sous le signe du Christ de Dieu, de l'amour pour Dieu et pour le prochain		False	False	False	False	False	False	False	LIOS_KIZ.jpg
52	47907	LebenDesSommers	MED	00:23:30	13.07.2026 09:00:00	La Vie de l'été, la maturité	Réflexion méditative : La Vie de l'été, la maturité - la Vie en nous		False	False	False	False	False	False	False	FR_MED_LebenDesSommers.jpg
58	08246	Zuversicht 3	MED	00:19:30	13.07.2026 09:31:00	Méditation sur la confiance (03)	« Rassemble régulièrement tes pensées positives et oriente-les vers les forces du Christ de Dieu en toi. »		False	False	False	False	False	False	False	Schmetterling1.jpg
63	28171	BodenlebenErde	FILM	00:53:30	13.07.2026 09:59:00	Le sol sur lequel nous vivons : un cosmos inconnu	Documentaire sur le monde vivant souterrain : Sous l’empreinte d'un seul pied, il y a plus d'êtres vivants qu'il n'y a d'êtres humains sur la Terre entière. Sans cette ingénieuse micro-création dans le sol avec ses minuscules êtres vivants, il n'y aurait pas de vie sur Terre. 		False	False	False	False	False	False	False	Bodenleben2.jpg
69	43210	FGE Rückmeldungen 05	FGE	00:17:30	13.07.2026 11:02:30	Nous lisons... tu veux écouter ? (5)	Ressentir dans ce que les autres disent... Des jeunes sur le chemin qui mène au Christ 		False	False	False	False	False	False	False	TaubeMitBrief.jpg
72	45338	Christus Okt25	OFF	00:32:00	13.07.2026 11:26:30	« Je vous apporte la paix et l'amour »	Révélation du Christ de Dieu dans la Commune fondatrice du Seigneur pour l'édification du Royaume de Paix du Christ de Dieu, le 3 octobre 2025, l'an 2 de l'Ère messianique et sophianique : « Je vous apporte la paix et l'amour »		False	False	False	False	False	False	False	ChristusAbbildZelt.jpg
74	44702	FGE Rückmeldungen 08	FGE	00:16:30	13.07.2026 12:02:00	Nous lisons... tu veux écouter ? (8)	Ressentir dans ce que les autres disent... Des jeunes sur le chemin qui mène au Christ 		False	False	False	False	False	False	False	FR_FGE_Rueckmeldung01.jpg
76	40742	Männerwelt Teil 1	SON	01:14:00	13.07.2026 12:20:30	Le monde des hommes… (1)	« Le monde des hommes hier et aujourd'hui. Les trois qualités du Dieu Père-Mère et la capitulation du sataniste » Un vaste aperçu des évènements cosmiques très anciens qui ont eu lieu depuis le début de la chute hors du Royaume de Dieu… 		False	False	False	False	False	False	False	FR_Maennerwelt.jpg
79	32206	Sternstunden 09	MED	00:46:00	13.07.2026 13:40:30	« Moments lumineux avec Gabriele » (09)	Le bonheur et la santé viennent de l'intérieur.		False	False	False	False	False	False	False	Sternstunden.jpg
81	41744	FGE VS Les 04 SieSindNiAllein	FGE	00:05:00	13.07.2026 14:32:00	Unis et sois (04)	« Nous sommes les Communautés libres - Unis et sois » Thème : Vous n'êtes pas seul.		False	False	False	False	False	False	False	FR_FGE-VS.jpg
83	39391	ChristusSeelenarzt	MED	00:16:30	13.07.2026 14:39:30	Le Christ en nous, le médecin de l'âme	Prière méditative		False	False	False	False	False	False	False	BotschaftAusDemAll 03.jpg
85	44999	SchuleLeben 34	DWS	00:25:00	13.07.2026 15:00:00	La véritable école, c'est la vie (34)	« Seul celui qui se respecte lui-même respecte son prochain. » Enseignements donnés par la Sagesse divine		False	False	False	False	False	False	False	FR_DWS_SichSelbstAchten.jpg
87	19893	IhreGedanken 10 4Do	GH	00:15:00	13.07.2026 15:26:30	Pensées pour la journée, semaine 10  	Semaine 10 : Jeudi. Des aides pour la journée données par Gabriele.		False	False	False	False	False	False	False	Woche10GedankenTag.jpg
88	42329	FGE VS Les 18 GroKosLehren	FGE	00:08:00	13.07.2026 15:41:30	Unis et sois (18)	« Nous sommes les Communautés libres - Unis et sois » Thèmes : Le Sermon sur la Montagne & Les grands enseignements cosmiques de Jésus de Nazareth à Ses apôtres et disciples qui pouvaient les comprendre (2ème partie)		False	False	False	False	False	False	False	FR_FGE-VS.jpg
90	42330	FGE VS Les 19 SchuleLeben	FGE	00:06:30	13.07.2026 15:52:00	Unis et sois (19)	« Nous sommes les Communautés libres - Unis et sois » Thèmes : La véritable école, c'est la vie & Dieu en nous		False	False	False	False	False	False	False	FR_FGE-VS.jpg
93	20884	Medikurs1 06	MED	00:26:00	13.07.2026 16:03:30	Méditer dans l'esprit du christianisme des origines (6)	« Mon âme s'ouvre comme une rose. » Ces méditations du christianisme des origines nous aident à orienter de plus en plus nos sentiments, nos pensées et nos actions sur Dieu, la Vie en nous et en toute existence. 		False	False	False	False	False	False	False	Medikurs.jpg
95	34548	MenschZustandWelt	MED	00:23:30	13.07.2026 16:31:00	Chacun est co-responsable de l'état de ce monde	Réflexion méditative pour réfléchir sur nous-mêmes.		False	False	False	False	False	False	False	ErlebeDieEinheit.jpg
97	19893	IhreGedanken 10 4Do	GH	00:15:00	13.07.2026 16:56:00	Pensées pour la journée, semaine 10  	Semaine 10 : Jeudi. Des aides pour la journée données par Gabriele.		False	False	False	False	False	False	False	Woche10GedankenTag.jpg
101	44881	Evolutionsweg 2KiZ	LIOS	00:10:30	13.07.2026 17:15:30	Série « LIOBANI pour les petits et les grands »	« Le chemin de l'évolution. » L’école pour la Nouvelle Jérusalem, pour une autre époque – sous le signe du Christ de Dieu, de l’amour pour Dieu et pour le prochain.  		False	False	False	False	False	False	False	FR_LIOS_2KiZ_03Evolution.jpg
104	10923	RabeRufri TB	GEKK	00:14:00	13.07.2026 17:28:30	Le petit corbeau « Rufri »	Dessin animé pour enfants		False	False	False	False	False	False	False	RabeRufri.jpg
108	45206	TiereHierZuHause 01	DOK	00:14:30	13.07.2026 17:45:30	« Ici, nous sommes chez nous ! » (1)	Les animaux sur la Terre de la paix 		False	False	False	False	False	False	False	FR_DOK_TiereHierZuhause_bearb.jpg
109	41127	Zelt DasIstMeinWort 02 WEB	LES-ZELT	00:26:00	13.07.2026 18:00:00	« Ceci est Ma Parole » (02)	« Lecture dans la Tente de Dieu : Ceci est Ma Parole » Thème : Pourquoi le Christ s'est-Il incarné en Jésus de Nazareth et que nous a  apporté Son acte de rédemption ?		False	False	False	False	False	False	False	PalmenOase.jpg
116	40065	WortAuferstanden 02 WEB	LES	00:31:00	13.07.2026 18:32:30	« La Parole est ressuscitée » (02)	Thème : « Le monde parle de paix. Mais où est la paix ? »		False	False	False	False	False	False	False	LES-Zelt.jpg
118	42210	FGE VS Les 15 Lebensperlen2	FGE	00:06:30	13.07.2026 19:06:00	Unis et sois (15)	« Nous sommes les Communautés libres - Unis et sois » Thèmes : Perles de Vie & De l’homme ou de l’animal, qui a les valeurs les plus élevées ? 		False	False	False	False	False	False	False	FR_FGE-VS.jpg
121	40743	Männerwelt Teil 2	SON	01:11:30	13.07.2026 19:14:00	Le monde des hommes… (2)	« Le monde des hommes hier et aujourd'hui. Les trois qualités du Dieu Père-Mère et la capitulation du sataniste » Un vaste aperçu des évènements cosmiques très anciens qui ont eu lieu depuis le début de la chute hors du Royaume de Dieu… 		False	False	False	False	False	False	False	FR_Maennerwelt.jpg
125	41367	Zelt SeeleWegVollendung 04 WEB	LES-ZELT	00:22:30	13.07.2026 20:31:30	« l'âme sur son chemin... » (4) 	« L'âme sur son chemin jusqu'à la perfection » Qu'est-ce que l'âme doit apprendre durant ses incarnations sur Terre ainsi que dans l'au-delà ? Le Christ répond à de nombreuses questions et explique le retour de l'âme jusqu'à la maison du Père. 		False	False	False	False	False	False	False	DerWeg01.jpg
127	44702	FGE Rückmeldungen 08	FGE	00:16:30	13.07.2026 20:57:00	Nous lisons... tu veux écouter ? (8)	Ressentir dans ce que les autres disent... Des jeunes sur le chemin qui mène au Christ 		False	False	False	False	False	False	False	FR_FGE_Rueckmeldung01.jpg
129	46883	FGE JugendOstern	FGE	00:28:00	13.07.2026 21:14:00	Les jeunes dans les Communautés libres internationales du monde entier	Partout dans le monde, des jeunes suivent le chemin du Christ, le chemin de l’amour pour Dieu et pour ses prochains, qui englobe également la nature et les animaux. Ils vivent dans différents pays, répartis aux quatre coins du monde, et forment ce qu’on pourrait appeler une grande communauté libre et internationale...		False	False	False	False	False	False	False	JugenOstern.jpg
138	29290	InnereAndacht 13	MED	00:56:00	13.07.2026 21:54:00	Intériorisation et enseignement avec Gabriele (13)	Sois silencieux et confie-toi à chaque instant à Dieu.		False	False	False	False	False	False	False	InnereAndacht_FR_Neu.jpg
144	34829	GottInUns 01	LES	00:27:00	13.07.2026 22:57:00	L'Esprit libre. Dieu en nous (1) 	Suivre soi-même, en toute liberté, le chemin qui nous fait découvrir la présence de Dieu en nous (1ère partie). 		False	False	False	False	False	False	False	ChristusErlösung.jpg
146	25865	Klassik Seele 42b_10	KONZ1	00:09:30	13.07.2026 23:28:00	Musique classique pour l'âme	Concerto pour flûte en la mineur RV 108 d’A. Vivaldi (déc. 2014)		False	False	False	False	False	False	False	KlassikSeele.jpg
150	36392	SpürtHineinLeben	MED	00:18:00	13.07.2026 23:39:30	« Ressentez au plus profond de la vie »	Réflexion méditative		False	False	False	False	False	False	False	MedSpuertHinein.jpg
152	23721	DasIstMeinWort 09	LES	00:27:00	14.07.2026 00:00:00	« Ceci est Ma Parole » Chapitre 6	Enfance et adolescence de Jésus		False	False	False	False	False	False	False	DIMW_FR-00B.jpg
155	47143	ChristusAuferstehen	MED	00:24:00	14.07.2026 00:30:30	Le Christ souhaite ressusciter en chacun de nous	Une méditation donnée par Gabriele, la prophétesse et messagère du Royaume éternel, le 25 mars 2005 : « Le Christ souhaite ressusciter en chacun de nous »		False	False	False	False	False	False	False	FR_MED_ChristusAuferstehung.jpg
158	30742	InnereAndacht 18	MED	01:00:00	14.07.2026 00:58:00	Intériorisation et enseignement avec Gabriele (18)	Le tout est contenu en toute chose. 		False	False	False	False	False	False	False	InnereAndacht_00.jpg
164	27918	InnererWeg 18	GR-IW	00:29:30	14.07.2026 02:04:00	Le Chemin Intérieur (18)	Niveau de l'Ordre : « Éducation du toucher (suite) & Maintien du corps » Le Chemin Intérieur menant à la conscience cosmique est un enseignement spirituel progressif et concret pour développer sa conscience. Au plus profond de nous-mêmes, nous sommes des êtres divins en communication avec la Vie, Dieu en nous et dans toute la création ! Comment retrouver cette origine divine, l’amour pour Dieu – Dieu en nous, l’Esprit libre – et pour nos prochains ? Pour cela il nous faut purifier notre âme... 		False	False	False	False	False	False	False	IW_FR.jpg
166	34116	Bergpredigt 07	LES	00:26:30	14.07.2026 02:36:00	« Le Sermon sur la Montagne » (7) 	Le Sermon sur la Montagne de Jésus de Nazareth : « Trouvez le positif dans le négatif » & « Ne pleurez pas vos morts »		False	False	False	False	False	False	False	Berg_FR-00.jpg
171	47168	GottVater Ostern25	OFF	00:27:00	14.07.2026 03:07:00	« Revenez vers le Dieu d'amour que Je suis »	Révélation de Dieu-Père dans la Commune fondatrice du Seigneur pour l'édification du Royaume de Paix du Christ de Dieu à Pâques 2025, l'an 2 de l'Ère messianique et sophianique : « Revenez vers le Dieu d'amour que Je suis »		False	False	False	False	False	False	False	OFF_GottVaterOstern25.jpg
173	26294	RufGabriele 4 Herzensanliegen	SON	00:07:30	14.07.2026 03:36:30	Une prière pour ce qui nous tient à cœur 	Un appel de Gabriele		False	False	False	False	False	False	False	Lilie.jpg
175	33703	DuBistWer FR	LES-ZELT	01:15:00	14.07.2026 03:47:00	« Tu es quelqu'un ! Qui es-tu ? » 	Enseignement spirituel de Gabriele pour le présent ou pour l’époque après les temps : « Tu es quelqu'un ! Qui es-tu ? » 		False	False	False	False	False	False	False	DuBistWer.jpg
177	38105	SchuleLeben 23	DWS	00:21:30	14.07.2026 05:05:30	La véritable école, c'est la vie (23)	« La loi de la correspondance. » Enseignements donnés par la Sagesse divine.		False	False	False	False	False	False	False	DWS-FR_03.jpg
185	41365	Zelt SeeleWegVollendung 02 WEB 	LES-ZELT	00:22:30	14.07.2026 05:33:30	« l'âme sur son chemin... » (2) 	« L'âme sur son chemin jusqu'à la perfection » Qu'est-ce que l'âme doit apprendre durant ses incarnations sur Terre ainsi que dans l'au-delà ? Le Christ répond à de nombreuses questions et explique le retour de l'âme jusqu'à la maison du Père. 		False	False	False	False	False	False	False	DerWeg02.jpg
188	35756	SchuleLeben 12	DWS	00:27:00	14.07.2026 06:00:00	La véritable école, c'est la vie (12)	« Nous apprenons à focaliser notre attention. » Enseignements donnés par la Sagesse divine		False	False	False	False	False	False	False	Blume_Fokusieren.jpg
190	19891	IhreGedanken 10 2Di	GH	00:15:00	14.07.2026 06:30:30	Pensées pour la journée, semaine 10  	Semaine 10 : Mardi. Des aides pour la journée données par Gabriele.		False	False	False	False	False	False	False	Woche10GedankenTag.jpg
193	33458	LernenHineinzufühlen	MED	00:28:00	14.07.2026 06:49:00	« Apprenons à ressentir dans notre prochain » 	Méditation « Apprenons à ressentir dans notre prochain » 		False	False	False	False	False	False	False	LernenHineinfühlen.jpg
197	45227	GottVater Sept25	OFF	00:33:00	14.07.2026 07:21:30	 « Pourquoi avez-vous peur de l'amour que Je suis ? »	Révélation de Dieu-Père dans la Commune fondatrice du Seigneur pour l'édification du Royaume de Paix du Christ de Dieu, le 6 septembre 2025, l'an 2 de l'Ère messianique et sophianique : « Pourquoi avez-vous peur de l'amour que Je suis ? »		False	False	False	False	False	False	False	FR_OFF_GottVaterSept2025_bearb.jpg
200	19891	IhreGedanken 10 2Di	GH	00:15:00	14.07.2026 07:58:00	Pensées pour la journée, semaine 10  	Semaine 10 : Mardi. Des aides pour la journée données par Gabriele.		False	False	False	False	False	False	False	Woche10GedankenTag.jpg
202	47907	LebenDesSommers	MED	00:23:30	14.07.2026 08:14:30	La Vie de l'été, la maturité	Réflexion méditative : La Vie de l'été, la maturité - la Vie en nous		False	False	False	False	False	False	False	FR_MED_LebenDesSommers.jpg
205	44949	AufgabeNaturwesen 2KiZ	LIOS	00:14:00	14.07.2026 08:42:00	Série « LIOBANI pour les petits et les grands »	« Les tâches des êtres de la nature. » L’école pour la Nouvelle Jérusalem, pour une autre époque – sous le signe du Christ de Dieu, de l’amour pour Dieu et pour le prochain.  		False	False	False	False	False	False	False	LIOS_Naturwesen.jpg
208	23771	DasIstMeinWort 12	LES	00:24:30	14.07.2026 09:00:00	« Ceci est Ma Parole » Chapitre 75	Le dernier repas pascal		False	False	False	False	False	False	False	DIMW_FR-00.jpg
211	39317	Herzensgebete	MED	00:13:00	14.07.2026 09:28:30	Des prières venant du cœur nourrissent l'âme	Réflexion méditative : « Des prières venant du cœur nourrissent l'âme. »		False	False	False	False	False	False	False	FR_CH104Herzensgebet.jpg
214	30815	InnereAndacht 19	MED	01:00:00	14.07.2026 09:43:30	Intériorisation et enseignement avec Gabriele (19)	Dans le silence intérieur, nous ressentons que Dieu est tout proche de nous. Un enseignement avec des exercices.		False	False	False	False	False	False	False	InnereAndacht19.jpg
219	27918	InnererWeg 18	GR-IW	00:29:30	14.07.2026 10:47:30	Le Chemin Intérieur (18)	Niveau de l'Ordre : « Éducation du toucher (suite) & Maintien du corps » Le Chemin Intérieur menant à la conscience cosmique est un enseignement spirituel progressif et concret pour développer sa conscience. Au plus profond de nous-mêmes, nous sommes des êtres divins en communication avec la Vie, Dieu en nous et dans toute la création ! Comment retrouver cette origine divine, l’amour pour Dieu – Dieu en nous, l’Esprit libre – et pour nos prochains ? Pour cela il nous faut purifier notre âme... 		False	False	False	False	False	False	False	IW_FR.jpg
221	34117	Bergpredigt 08	LES	00:26:00	14.07.2026 11:19:30	« Le Sermon sur la Montagne » (8) 	Le Sermon sur la Montagne de Jésus de Nazareth : « Là où est ton trésor, là est aussi ton cœur » & « Cherchez d’abord le Royaume de Dieu »		False	False	False	False	False	False	False	Berg_FR-00.jpg
226	47805	MeinLeben 01	LES	00:37:00	14.07.2026 11:50:00	La vie que j'ai moi-même choisie (1)	Qu’est-ce que la vie en réalité ? Pourquoi chacun a-t-il une vie si différente et comment lui donner un cours positif ? (1ère partie)		False	False	False	False	False	False	False	FR_MeinLebenGewaehlt_1.jpg
228	26950	RufGabriele 5 KommetZuMir	SON	00:08:00	14.07.2026 12:29:30	« Venez tous à Moi ! » 	Un appel du Christ de Dieu à travers Gabriele-Sophia		False	False	False	False	False	False	False	Lilie.jpg
230	47805	MeinLeben 01	LES	00:37:00	14.07.2026 12:40:30	La vie que j'ai moi-même choisie (1)	Qu’est-ce que la vie en réalité ? Pourquoi chacun a-t-il une vie si différente et comment lui donner un cours positif ? (1ère partie)		False	False	False	False	False	False	False	FR_MeinLebenGewaehlt_1.jpg
239	28803	Katharer	GR	00:43:30	14.07.2026 13:29:00	Sur les traces des Cathares	Leur foi et leur vie. Les Cathares, victimes des persécutions de l'Église		False	False	False	False	False	False	False	FR_SpuerenSucheKatharer.jpg
241	38106	SchuleLeben 24	DWS	00:19:30	14.07.2026 14:14:00	La véritable école, c'est la vie (24)	« Se réincarner ou renaître dans l'Esprit. » Enseignements donnés par la Sagesse divine.		False	False	False	False	False	False	False	Reinkarnation.jpg
245	41366	Zelt SeeleWegVollendung 03 WEB 	LES-ZELT	00:22:00	14.07.2026 14:36:00	« l'âme sur son chemin... » (3) 	« L'âme sur son chemin jusqu'à la perfection » Qu'est-ce que l'âme doit apprendre durant ses incarnations sur Terre ainsi que dans l'au-delà ? Le Christ répond à de nombreuses questions et explique le retour de l'âme jusqu'à la maison du Père. 		False	False	False	False	False	False	False	DerWeg03.jpg
247	27345	Sternstunden 5	MED	00:39:00	14.07.2026 15:00:00	« Moments lumineux avec Gabriele » (05)	L’âme lumineuse dans la lumière du Christ de Dieu 		False	False	False	False	False	False	False	Sternstunden05.jpg
250	19894	IhreGedanken 10 5Fr 	GH	00:15:00	14.07.2026 15:43:30	Pensées pour la journée, semaine 10  	Semaine 10 : Vendredi. Des aides pour la journée données par Gabriele.		False	False	False	False	False	False	False	Woche10GedankenTag.jpg
252	47842	SchuleLeben 37	DWS	00:20:00	14.07.2026 15:59:30	La véritable école, c'est la vie (37)	 « Être un imitateur et un suiveur - ou prendre sans destin en main et cheminer vers la source, la liberté » Enseignements donnés par la Sagesse divine.		False	False	False	False	False	False	False	FR_DWS_37Nachahmer.jpg
259	43484	FGE VS Les 23 TrostNotLeid	FGE	00:07:00	14.07.2026 16:27:30	Unis et sois (23)	« Nous sommes les Communautés libres - Unis et sois » Thèmes :  Paroles de réconfort & Le message de l’Infini		False	False	False	False	False	False	False	FR_FGE-VS.jpg
261	43485	FGE VS Les 24 WorteDesLebens2	FGE	00:08:00	14.07.2026 16:36:30	Unis et sois (24)	« Nous sommes les Communautés libres - Unis et sois » Thèmes : Paroles de Vie & La véritable école, c’est la vie		False	False	False	False	False	False	False	ES_FGE_VerbindeUndSei.jpg
264	02303	Es blüht Fr	MED	00:24:00	14.07.2026 16:47:00	Méditation « Floraison »	Cette méditation de Gabriele est un vrai cadeau qui nous fait ressentir notre vie véritable, divine et nous apprend à ressentir l’unité avec toutes les formes de vie, à communiquer avec la nature…		False	False	False	False	False	False	False	EsBlueht.jpg
267	19894	IhreGedanken 10 5Fr 	GH	00:15:00	14.07.2026 17:15:30	Pensées pour la journée, semaine 10  	Semaine 10 : Vendredi. Des aides pour la journée données par Gabriele.		False	False	False	False	False	False	False	Woche10GedankenTag.jpg
270	44949	AufgabeNaturwesen 2KiZ	LIOS	00:14:00	14.07.2026 17:33:00	Série « LIOBANI pour les petits et les grands »	« Les tâches des êtres de la nature. » L’école pour la Nouvelle Jérusalem, pour une autre époque – sous le signe du Christ de Dieu, de l’amour pour Dieu et pour le prochain.  		False	False	False	False	False	False	False	LIOS_Naturwesen.jpg
272	34528	LiebeVater 1KiZ	LIOS	00:09:30	14.07.2026 17:48:30	Série « LIOBANI pour les petits et les grands »	« L'amour de notre Père. » L'école pour la Nouvelle Jérusalem, pour une autre époque – sous le signe du Christ de Dieu, de l'amour pour Dieu et pour le prochain		False	False	False	False	False	False	False	Liobani1.jpg
274	35872	SchuleLeben 14	DWS	00:24:30	14.07.2026 18:00:00	La véritable école, c'est la vie (14)	« L'harmonie est la vie de l'entreprise. » Enseignements donnés par la Sagesse divine.		False	False	False	False	False	False	False	DWSharmonieBetriebe.jpg
282	46609	LerneBeten 1 NEU	LES	00:22:30	14.07.2026 18:30:30	Apprends à prier (1) 	Apprends à prier. Dans la prière véritable, tu fais l'expérience de Dieu. La prière véritable rend heureux (1ère partie)		False	False	False	False	False	False	False	AmSeeufer.jpg
288	46691	LerneBeten 2 NEU	LES	00:24:30	14.07.2026 19:00:00	Apprends à prier (2) 	Apprends à prier. Dans la prière véritable, tu fais l'expérience de Dieu. La prière véritable rend heureux (2ème partie)		False	False	False	False	False	False	False	AmSeeufer.jpg
291	34116	Bergpredigt 07	LES	00:26:30	14.07.2026 19:28:00	« Le Sermon sur la Montagne » (7) 	Le Sermon sur la Montagne de Jésus de Nazareth : « Trouvez le positif dans le négatif » & « Ne pleurez pas vos morts »		False	False	False	False	False	False	False	Berg_FR-00.jpg
293	28386	Gemeinschaften 06	FGE	00:28:30	14.07.2026 19:57:30	Les Communautés libres (06)	« Les Communautés libres sous le signe du Lys » Thème : L'amour de Dieu pour les êtres humains et pour toutes les créatures		False	False	False	False	False	False	False	Lilie.jpg
301	42329	FGE VS Les 18 GroKosLehren	FGE	00:08:00	14.07.2026 20:34:00	Unis et sois (18)	« Nous sommes les Communautés libres - Unis et sois » Thèmes : Le Sermon sur la Montagne & Les grands enseignements cosmiques de Jésus de Nazareth à Ses apôtres et disciples qui pouvaient les comprendre (2ème partie)		False	False	False	False	False	False	False	FR_FGE-VS.jpg
303	33556	WoherAngst	MED	00:23:00	14.07.2026 20:45:30	D'où viennent nos peurs ? 	Réflexion méditative		False	False	False	False	False	False	False	WoherAngst.jpg
310	47970	GemeindeFels Juli2026	SON	01:20:00	14.07.2026 21:15:30	Rencontre dans l'esprit du christianisme des origines à la fontaine du Rocher du Christ, en juillet 2026, l'an 3 de l'Ère messianique et sophianique	Rencontre dans l'esprit du christianisme des origines à la fontaine du Rocher du Christ, en juillet 2026, l'an 3 de l'Ère messianique et sophianique		False	False	False	False	False	False	False	GemeindeFelsJul3.jpg
313	26294	RufGabriele 4 Herzensanliegen	SON	00:07:30	14.07.2026 22:39:30	Une prière pour ce qui nous tient à cœur 	Un appel de Gabriele		False	False	False	False	False	False	False	Lilie.jpg
316	02304	Perlen in uns	MED	00:46:00	14.07.2026 22:51:30	Les perles en nous	« Les perles en nous. Le Royaume de Dieu, notre patrie éternelle » Gabriele nous fait découvrir au cours d’une description très complète ce qu’est notre patrie éternelle, les cieux purs. Elle explique également quel sens a notre vie sur Terre et de quelle manière nous pouvons développer à nouveau « les perles en nous », notre héritage divin, l’être spirituel en nous.		False	False	False	False	False	False	False	PerlenInUns.jpg
317	29176	Klassik Seele 50e_14	KONZ1	00:13:30	14.07.2026 23:37:30	Musique classique pour l'âme	Concerto pour violon et trompette de G.Ph. Telemann (juin 2016)		False	False	False	False	False	False	False	KlassikSeele.jpg
319	23309	DasIstMeinWort 01	LES	00:23:00	14.07.2026 23:54:30	« Ceci est Ma Parole » Chapitre 38	Sur le fait de tuer les animaux		False	False	False	False	False	False	False	DIMW_FR-00.jpg
322	42595	Selbsterforschtes 01 UT AR	MED	00:05:00	15.07.2026 00:19:00	« Recherches et expériences personnelles » 1ère partie	Recherches et expériences personnelles de Gabriele, 1ère partie, avec sous-titres en arabe		False	False	False	False	False	False	False	
328	40064	WortAuferstanden 01 WEB	LES	00:30:00	15.07.2026 00:29:30	« La Parole est ressuscitée » (01)	Extrait de « Connais-toi et guéris-toi par la force de l'Esprit » sur le thème : La programmation positive ou négative du matin est décisive.		False	False	False	False	False	False	False	CH60MitChristusBeten.jpg
330	42210	FGE VS Les 15 Lebensperlen2	FGE	00:06:30	15.07.2026 01:02:00	Unis et sois (15)	« Nous sommes les Communautés libres - Unis et sois » Thèmes : Perles de Vie & De l’homme ou de l’animal, qui a les valeurs les plus élevées ? 		False	False	False	False	False	False	False	FR_FGE-VS.jpg
333	40742	Männerwelt Teil 1	SON	01:14:00	15.07.2026 01:10:00	Le monde des hommes… (1)	« Le monde des hommes hier et aujourd'hui. Les trois qualités du Dieu Père-Mère et la capitulation du sataniste » Un vaste aperçu des évènements cosmiques très anciens qui ont eu lieu depuis le début de la chute hors du Royaume de Dieu… 		False	False	False	False	False	False	False	FR_Maennerwelt.jpg
337	41366	Zelt SeeleWegVollendung 03 WEB 	LES-ZELT	00:22:00	15.07.2026 02:30:00	« l'âme sur son chemin... » (3) 	« L'âme sur son chemin jusqu'à la perfection » Qu'est-ce que l'âme doit apprendre durant ses incarnations sur Terre ainsi que dans l'au-delà ? Le Christ répond à de nombreuses questions et explique le retour de l'âme jusqu'à la maison du Père. 		False	False	False	False	False	False	False	DerWeg03.jpg
339	42177	BetenEinheit	MED	00:34:30	15.07.2026 02:55:00	Prier dans l'unité et pour l'unité 	Réflexion méditative		False	False	False	False	False	False	False	HarmoniLebenBetriebe2.jpg
348	29224	InnereAndacht 12	MED	00:59:00	15.07.2026 03:41:30	Intériorisation et enseignement avec Gabriele (12)	Repose en toi – tu es.		False	False	False	False	False	False	False	InnereAndacht12.jpg
354	24784	VielVielLeben 6	LES	00:17:00	15.07.2026 04:47:30	Avancer en âge ou être vieux ? (6)	Thèmes : Celui qui accepte son âge, reste jeune. Celui qui empli son jeune cœur de la richesse de la vie intérieure, gardera un cœur jeune même à un âge avancé.		False	False	False	False	False	False	False	VielVielLeben-FR_00B.jpg
356	36584	Klassik Seele 59e_15	KONZ1	00:15:00	15.07.2026 05:08:30	Musique classique pour l'âme	Valse tirée de la Sérénade pour cordes op. 48 de P.I. Tchaïkovski, Après un rêve de G. Fauré, Allegretto tiré du Quintette à vent op. 56/2 de F. Danzi (févr. 2017)		False	False	False	False	False	False	False	Orchestra.jpg
360	40157	SoWieIhrGebt Neu	MED	00:32:00	15.07.2026 05:25:30	Vous recevez en fonction de ce que vous donnez	Réflexion méditative		False	False	False	False	False	False	False	Wassertropf.jpg
364	35766	GlaubeVertrauen	MED	00:34:00	15.07.2026 06:03:30	Foi et confiance	Réflexion méditative		False	False	False	False	False	False	False	CH27GlaubeVertrauen_FR.jpg
366	19892	IhreGedanken 10 3Mi	GH	00:15:00	15.07.2026 06:41:30	Pensées pour la journée, semaine 10  	Semaine 10 : Mercredi. Des aides pour la journée données par Gabriele.		False	False	False	False	False	False	False	Woche10GedankenTag.jpg
368	35313	SchuleLeben 03	DWS	00:17:00	15.07.2026 06:57:00	La véritable école, c'est la vie (03)	 « Le film de notre vie » Lorsque le film de notre vie revient en arrière. Enseignements donnés par la Sagesse divine.		False	False	False	False	False	False	False	DWS-FR_03.jpg
371	43210	FGE Rückmeldungen 05	FGE	00:17:30	15.07.2026 07:18:00	Nous lisons... tu veux écouter ? (5)	Ressentir dans ce que les autres disent... Des jeunes sur le chemin qui mène au Christ 		False	False	False	False	False	False	False	TaubeMitBrief.jpg
373	42210	FGE VS Les 15 Lebensperlen2	FGE	00:06:30	15.07.2026 07:37:30	Unis et sois (15)	« Nous sommes les Communautés libres - Unis et sois » Thèmes : Perles de Vie & De l’homme ou de l’animal, qui a les valeurs les plus élevées ? 		False	False	False	False	False	False	False	FR_FGE-VS.jpg
376	39317	Herzensgebete	MED	00:13:00	15.07.2026 07:47:30	Des prières venant du cœur nourrissent l'âme	Réflexion méditative : « Des prières venant du cœur nourrissent l'âme. »		False	False	False	False	False	False	False	FR_CH104Herzensgebet.jpg
379	19892	IhreGedanken 10 3Mi	GH	00:15:00	15.07.2026 08:04:30	Pensées pour la journée, semaine 10  	Semaine 10 : Mercredi. Des aides pour la journée données par Gabriele.		False	False	False	False	False	False	False	Woche10GedankenTag.jpg
382	34536	Gedankenwesen 2KiZ	LIOS	00:14:30	15.07.2026 08:24:30	Série « LIOBANI pour les petits et les grands »	« Les "êtres-pensées" invisibles. » L’école pour la Nouvelle Jérusalem, pour une autre époque – sous le signe du Christ de Dieu, de l’amour pour Dieu et pour le prochain.		False	False	False	False	False	False	False	LiobaniSchule_FR.jpg
385	25592	KuckuckRuft TB	GEKK	00:11:30	15.07.2026 08:44:30	Le coucou  « Je t'appelle »	Dessin animé pour enfants		False	False	False	False	False	False	False	DerKuckuck2.jpg
387	41127	Zelt DasIstMeinWort 02 WEB	LES-ZELT	00:26:00	15.07.2026 09:00:00	« Ceci est Ma Parole » (02)	« Lecture dans la Tente de Dieu : Ceci est Ma Parole » Thème : Pourquoi le Christ s'est-Il incarné en Jésus de Nazareth et que nous a  apporté Son acte de rédemption ?		False	False	False	False	False	False	False	PalmenOase.jpg
394	40065	WortAuferstanden 02 WEB	LES	00:31:00	15.07.2026 09:32:30	« La Parole est ressuscitée » (02)	Thème : « Le monde parle de paix. Mais où est la paix ? »		False	False	False	False	False	False	False	LES-Zelt.jpg
396	42210	FGE VS Les 15 Lebensperlen2	FGE	00:06:30	15.07.2026 10:06:00	Unis et sois (15)	« Nous sommes les Communautés libres - Unis et sois » Thèmes : Perles de Vie & De l’homme ou de l’animal, qui a les valeurs les plus élevées ? 		False	False	False	False	False	False	False	FR_FGE-VS.jpg
399	40743	Männerwelt Teil 2	SON	01:11:30	15.07.2026 10:14:00	Le monde des hommes… (2)	« Le monde des hommes hier et aujourd'hui. Les trois qualités du Dieu Père-Mère et la capitulation du sataniste » Un vaste aperçu des évènements cosmiques très anciens qui ont eu lieu depuis le début de la chute hors du Royaume de Dieu… 		False	False	False	False	False	False	False	FR_Maennerwelt.jpg
403	41367	Zelt SeeleWegVollendung 04 WEB	LES-ZELT	00:22:30	15.07.2026 11:31:30	« l'âme sur son chemin... » (4) 	« L'âme sur son chemin jusqu'à la perfection » Qu'est-ce que l'âme doit apprendre durant ses incarnations sur Terre ainsi que dans l'au-delà ? Le Christ répond à de nombreuses questions et explique le retour de l'âme jusqu'à la maison du Père. 		False	False	False	False	False	False	False	DerWeg01.jpg
405	44702	FGE Rückmeldungen 08	FGE	00:16:30	15.07.2026 11:57:00	Nous lisons... tu veux écouter ? (8)	Ressentir dans ce que les autres disent... Des jeunes sur le chemin qui mène au Christ 		False	False	False	False	False	False	False	FR_FGE_Rueckmeldung01.jpg
407	46883	FGE JugendOstern	FGE	00:28:00	15.07.2026 12:14:00	Les jeunes dans les Communautés libres internationales du monde entier	Partout dans le monde, des jeunes suivent le chemin du Christ, le chemin de l’amour pour Dieu et pour ses prochains, qui englobe également la nature et les animaux. Ils vivent dans différents pays, répartis aux quatre coins du monde, et forment ce qu’on pourrait appeler une grande communauté libre et internationale...		False	False	False	False	False	False	False	JugenOstern.jpg
416	29290	InnereAndacht 13	MED	00:56:00	15.07.2026 12:54:00	Intériorisation et enseignement avec Gabriele (13)	Sois silencieux et confie-toi à chaque instant à Dieu.		False	False	False	False	False	False	False	InnereAndacht_FR_Neu.jpg
422	34829	GottInUns 01	LES	00:27:00	15.07.2026 13:57:00	L'Esprit libre. Dieu en nous (1) 	Suivre soi-même, en toute liberté, le chemin qui nous fait découvrir la présence de Dieu en nous (1ère partie). 		False	False	False	False	False	False	False	ChristusErlösung.jpg
424	25865	Klassik Seele 42b_10	KONZ1	00:09:30	15.07.2026 14:28:00	Musique classique pour l'âme	Concerto pour flûte en la mineur RV 108 d’A. Vivaldi (déc. 2014)		False	False	False	False	False	False	False	KlassikSeele.jpg
428	36392	SpürtHineinLeben	MED	00:18:00	15.07.2026 14:39:30	« Ressentez au plus profond de la vie »	Réflexion méditative		False	False	False	False	False	False	False	MedSpuertHinein.jpg
430	35766	GlaubeVertrauen	MED	00:34:00	15.07.2026 15:00:00	Foi et confiance	Réflexion méditative		False	False	False	False	False	False	False	CH27GlaubeVertrauen_FR.jpg
432	19895	IhreGedanken 10 6Sa	GH	00:15:00	15.07.2026 15:36:00	Pensées pour la journée, semaine 10  	Semaine 10 : Samedi. Des aides pour la journée données par Gabriele.		False	False	False	False	False	False	False	Woche10GedankenTag.jpg
434	45051	SchuleLeben 36	DWS	00:25:30	15.07.2026 15:53:00	La véritable école, c'est la vie (36)	 « Où sommes-nous avec notre conscience ? » Enseignements donnés par la Sagesse divine.		False	False	False	False	False	False	False	DWS_Allgemein.jpg
436	20884	Medikurs1 06	MED	00:26:00	15.07.2026 16:19:30	Méditer dans l'esprit du christianisme des origines (6)	« Mon âme s'ouvre comme une rose. » Ces méditations du christianisme des origines nous aident à orienter de plus en plus nos sentiments, nos pensées et nos actions sur Dieu, la Vie en nous et en toute existence. 		False	False	False	False	False	False	False	Medikurs.jpg
439	41654	FGE VerbindeSei 02	FGE	00:10:00	15.07.2026 16:52:00	Unis et sois (02)	« Nous sommes les Communautés libres - Unis et sois » Thème : Sa Parole - Présence éternelle.		False	False	False	False	False	False	False	FR_FGE-VS.jpg
443	19895	IhreGedanken 10 6Sa	GH	00:15:00	15.07.2026 17:07:30	Pensées pour la journée, semaine 10  	Semaine 10 : Samedi. Des aides pour la journée données par Gabriele.		False	False	False	False	False	False	False	Woche10GedankenTag.jpg
446	40224	Feuergeist 2KiZ 	LIOS	00:13:00	15.07.2026 17:26:30	Série « LIOBANI pour les petits et les grands »	« Les esprits du feu. » L’école pour la Nouvelle Jérusalem, pour une autre époque – sous le signe du Christ de Dieu, de l’amour pour Dieu et pour le prochain.  		False	False	False	False	False	False	False	fire-123784_1280.jpg
449	44994	Rotkehlchen 2KiZ	LIOS	00:14:30	15.07.2026 17:43:30	Série « LIOBANI pour les petits et les grands »	« Le rouge-gorge. » L’école pour la Nouvelle Jérusalem, pour une autre époque – sous le signe du Christ de Dieu, de l’amour pour Dieu et pour le prochain.  		False	False	False	False	False	False	False	LIOS_EvolutionsWiege.jpg
451	36073	MachtDerLiebe	LES	01:12:00	15.07.2026 18:00:00	« Je loue la puissance de l'Amour »	Le retour de tous les enfants de Dieu dans les Cieux, dans la Patrie éternelle, et comment, en s’orientant sur la force de Dieu, ils sont accompagnés, guidés puis accueillis dans leurs familles spirituelles. Il y est question du chemin du retour vers l’Existence éternelle, vers l’Être éternel, où l’on apprend à pratiquer l’unité, l’égalité, la fraternité et la communication avec tous les êtres vivants.		False	False	False	False	False	False	False	GPH_00.jpg
454	32533	ImGespräch 6	GR	00:50:00	15.07.2026 19:17:30	« Pour en savoir plus... » (06)	Pour en savoir plus... Reportage avec Peter Berthold, ornithologue.		False	False	False	False	False	False	False	GesprBerthold.jpg
458	29729	InnereAndacht 15	MED	01:00:00	15.07.2026 20:14:30	Intériorisation et enseignement avec Gabriele (15)	Les yeux sont la lumière de l'âme…		False	False	False	False	False	False	False	InnereAndacht_00.jpg
466	26935	Gemeinschaften 01	FGE	00:08:00	15.07.2026 21:27:00	Les Communautés libres (01)	« Les Communautés libres sous le signe du Lys » Thème : Les paroles et les comportements sont des énergies. Où vont ces énergies ?		False	False	False	False	False	False	False	Lilie.jpg
468	26936	Gemeinschaften 02	FGE	00:09:00	15.07.2026 21:37:30	Les Communautés libres (02)	« Les Communautés libres sous le signe du Lys » Thème : Que contiennent nos sentiments, nos sensations, pensées et paroles ?		False	False	False	False	False	False	False	Lilie.jpg
471	36030	SchuleLeben 15	DWS	00:28:00	15.07.2026 21:48:30	La véritable école, c'est la vie (15)	« Qu’est-ce que la liberté ? Comment nous sommes-nous privés de notre liberté et comment la retrouver ? » Enseignements donnés par la Sagesse divine		False	False	False	False	False	False	False	Lilienzeitalter.jpg
477	42208	FGE VS Les 13 LebeAugenblick	FGE	00:07:00	15.07.2026 22:23:00	Unis et sois (13)	« Nous sommes les Communautés libres - Unis et sois » Thèmes : Vis l'instant – et tu te vois et te connais & « Ne baisse pas les bras ! Persévère ! » 		False	False	False	False	False	False	False	FR_FGE-VS.jpg
480	08206	Zuversicht 1	MED	00:11:00	15.07.2026 22:34:30	Méditation sur la confiance (01)	« Grâce à la  confiance profonde, notre vie intérieure devient riche. »  		False	False	False	False	False	False	False	BabyMutterHände.jpg
485	33153	JugendProphet 01	LES	00:25:00	15.07.2026 22:50:00	Le jeune et le prophète (1)	Une conversation vivante entre un jeune et Gabriele qui répond avec spontanéité et profondeur aux questions qui lui sont posées, transmettant de vraies valeurs pour une vie positive et respectueuse de soi-même comme de toute vie. 		False	False	False	False	False	False	False	FR_JugendProphet_Bearb.jpg
487	27217	RufGabriele 6 DerRuf	SON	00:13:00	15.07.2026 23:18:00	Un appel du Christ de Dieu	L'appel du Christ de Dieu donné par Gabriele, la prophétesse et messagère de Dieu		False	False	False	False	False	False	False	Ruf-6.jpg
488	32569	Klassik Seele 53b_11	KONZ1	00:10:30	15.07.2026 23:31:00	Musique classique pour l'âme	Isaac Albéniz, Suite espagnole op. 47 I. Grenade		False	False	False	False	False	False	False	KlassikSeele.jpg
489	36080	SchuleLeben 17	DWS	00:14:30	15.07.2026 23:41:30	La véritable école, c'est la vie (17)	Devenir une nouvelle personne. Comment rester fidèle à mes résolutions ? Enseignements donnés par la Sagesse divine		False	False	False	False	False	False	False	DWS-FR_00B.jpg
491	35871	SchuleLeben 13	DWS	00:32:00	16.07.2026 00:00:00	La véritable école, c'est la vie (13)	« Apprendre à aimer, devenir libre, être heureux. » Enseignements donnés par la Sagesse divine.		False	False	False	False	False	False	False	Gänse.jpg
499	31543	InnereAndacht 27	MED	00:59:00	16.07.2026 00:38:00	Intériorisation et enseignement avec Gabriele (27)	La Loi divine nous est donnée pour que nous l'accomplissions.		False	False	False	False	False	False	False	InnereAndacht_FR_Neu.jpg
505	33926	Bergpredigt 06	LES	00:24:00	16.07.2026 01:44:00	« Le Sermon sur la Montagne » (6) 	Le Sermon sur la Montagne de Jésus de Nazareth : « Apprends à prier de la bonne manière » & « Mettez vos prières en pratique »		False	False	False	False	False	False	False	Berg_FR-00.jpg
507	27826	Gemeinschaften 04	FGE	00:26:00	16.07.2026 02:11:00	Les Communautés libres (04)	« Les Communautés libres sous le signe du Lys » Thème : Qui es-tu ? Oui, qui sommes-nous ?		False	False	False	False	False	False	False	Lilie.jpg
516	42328	FGE VS Les 17 Liobani	FGE	00:06:30	16.07.2026 02:47:00	Unis et sois (17)	« Nous sommes les Communautés libres - Unis et sois » Thèmes : Extrait du livre pour les jeunes « Liobani. J'explique – es-tu partant ? » & La véritable école, c’est la vie 		False	False	False	False	False	False	False	FR_FGE-VS.jpg
518	14741	Vaterworte	MED	00:24:00	16.07.2026 02:56:00	Paroles du Père également pour toi	« Le monde ne Me connaît pas », « Deviens impersonnel », « L'éternité est ton but », « La beauté de l'âme » 		False	False	False	False	False	False	False	ErlebeDieEinheit.jpg
525	47970	GemeindeFels Juli2026	SON	01:20:00	16.07.2026 03:27:00	Rencontre dans l'esprit du christianisme des origines à la fontaine du Rocher du Christ, en juillet 2026, l'an 3 de l'Ère messianique et sophianique	Rencontre dans l'esprit du christianisme des origines à la fontaine du Rocher du Christ, en juillet 2026, l'an 3 de l'Ère messianique et sophianique		False	False	False	False	False	False	False	GemeindeFelsJul3.jpg
528	34548	MenschZustandWelt	MED	00:23:30	16.07.2026 04:52:30	Chacun est co-responsable de l'état de ce monde	Réflexion méditative pour réfléchir sur nous-mêmes.		False	False	False	False	False	False	False	ErlebeDieEinheit.jpg
531	42163	GedichtHoheLiedWeisheit	SON	00:06:00	16.07.2026 05:18:30	Hymne à la Sagesse	Poème		False	False	False	False	False	False	False	FR_GedichtHoheLied.jpg
532	26295	RufGabriele 3 Stillstand	SON	00:16:00	16.07.2026 05:24:30	La vie ne connaît pas d’arrêt 	Un appel de Gabriele		False	False	False	False	False	False	False	Lilie.jpg
535	35504	Klassik Seele 62e_16	KONZ1	00:16:00	16.07.2026 05:44:00	Musique classique pour l'âme	Concerto pour guitare en ré majeur d'A. Vivaldi, Larghetto et Allegro pour violon et harpe de G. Donizetti, Granada extrait de la Suite espagnole d'I. Albéniz (juillet 2017)		False	False	False	False	False	False	False	KlassikSeele.jpg
536	44999	SchuleLeben 34	DWS	00:25:00	16.07.2026 06:00:00	La véritable école, c'est la vie (34)	« Seul celui qui se respecte lui-même respecte son prochain. » Enseignements donnés par la Sagesse divine		False	False	False	False	False	False	False	FR_DWS_SichSelbstAchten.jpg
538	19893	IhreGedanken 10 4Do	GH	00:15:00	16.07.2026 06:26:30	Pensées pour la journée, semaine 10  	Semaine 10 : Jeudi. Des aides pour la journée données par Gabriele.		False	False	False	False	False	False	False	Woche10GedankenTag.jpg
539	42329	FGE VS Les 18 GroKosLehren	FGE	00:08:00	16.07.2026 06:41:30	Unis et sois (18)	« Nous sommes les Communautés libres - Unis et sois » Thèmes : Le Sermon sur la Montagne & Les grands enseignements cosmiques de Jésus de Nazareth à Ses apôtres et disciples qui pouvaient les comprendre (2ème partie)		False	False	False	False	False	False	False	FR_FGE-VS.jpg
541	42330	FGE VS Les 19 SchuleLeben	FGE	00:06:30	16.07.2026 06:52:00	Unis et sois (19)	« Nous sommes les Communautés libres - Unis et sois » Thèmes : La véritable école, c'est la vie & Dieu en nous		False	False	False	False	False	False	False	FR_FGE-VS.jpg
544	20884	Medikurs1 06	MED	00:26:00	16.07.2026 07:03:30	Méditer dans l'esprit du christianisme des origines (6)	« Mon âme s'ouvre comme une rose. » Ces méditations du christianisme des origines nous aident à orienter de plus en plus nos sentiments, nos pensées et nos actions sur Dieu, la Vie en nous et en toute existence. 		False	False	False	False	False	False	False	Medikurs.jpg
546	34548	MenschZustandWelt	MED	00:23:30	16.07.2026 07:31:00	Chacun est co-responsable de l'état de ce monde	Réflexion méditative pour réfléchir sur nous-mêmes.		False	False	False	False	False	False	False	ErlebeDieEinheit.jpg
548	19893	IhreGedanken 10 4Do	GH	00:15:00	16.07.2026 07:56:00	Pensées pour la journée, semaine 10  	Semaine 10 : Jeudi. Des aides pour la journée données par Gabriele.		False	False	False	False	False	False	False	Woche10GedankenTag.jpg
552	44881	Evolutionsweg 2KiZ	LIOS	00:10:30	16.07.2026 08:15:30	Série « LIOBANI pour les petits et les grands »	« Le chemin de l'évolution. » L’école pour la Nouvelle Jérusalem, pour une autre époque – sous le signe du Christ de Dieu, de l’amour pour Dieu et pour le prochain.  		False	False	False	False	False	False	False	FR_LIOS_2KiZ_03Evolution.jpg
555	10923	RabeRufri TB	GEKK	00:14:00	16.07.2026 08:28:30	Le petit corbeau « Rufri »	Dessin animé pour enfants		False	False	False	False	False	False	False	RabeRufri.jpg
559	45206	TiereHierZuHause 01	DOK	00:14:30	16.07.2026 08:45:30	« Ici, nous sommes chez nous ! » (1)	Les animaux sur la Terre de la paix 		False	False	False	False	False	False	False	FR_DOK_TiereHierZuhause_bearb.jpg
560	35872	SchuleLeben 14	DWS	00:24:30	16.07.2026 09:00:00	La véritable école, c'est la vie (14)	« L'harmonie est la vie de l'entreprise. » Enseignements donnés par la Sagesse divine.		False	False	False	False	False	False	False	DWSharmonieBetriebe.jpg
568	46609	LerneBeten 1 NEU	LES	00:22:30	16.07.2026 09:30:30	Apprends à prier (1) 	Apprends à prier. Dans la prière véritable, tu fais l'expérience de Dieu. La prière véritable rend heureux (1ère partie)		False	False	False	False	False	False	False	AmSeeufer.jpg
574	46691	LerneBeten 2 NEU	LES	00:24:30	16.07.2026 10:00:00	Apprends à prier (2) 	Apprends à prier. Dans la prière véritable, tu fais l'expérience de Dieu. La prière véritable rend heureux (2ème partie)		False	False	False	False	False	False	False	AmSeeufer.jpg
577	34116	Bergpredigt 07	LES	00:26:30	16.07.2026 10:28:00	« Le Sermon sur la Montagne » (7) 	Le Sermon sur la Montagne de Jésus de Nazareth : « Trouvez le positif dans le négatif » & « Ne pleurez pas vos morts »		False	False	False	False	False	False	False	Berg_FR-00.jpg
579	28386	Gemeinschaften 06	FGE	00:28:30	16.07.2026 10:57:30	Les Communautés libres (06)	« Les Communautés libres sous le signe du Lys » Thème : L'amour de Dieu pour les êtres humains et pour toutes les créatures		False	False	False	False	False	False	False	Lilie.jpg
587	42329	FGE VS Les 18 GroKosLehren	FGE	00:08:00	16.07.2026 11:34:00	Unis et sois (18)	« Nous sommes les Communautés libres - Unis et sois » Thèmes : Le Sermon sur la Montagne & Les grands enseignements cosmiques de Jésus de Nazareth à Ses apôtres et disciples qui pouvaient les comprendre (2ème partie)		False	False	False	False	False	False	False	FR_FGE-VS.jpg
589	33556	WoherAngst	MED	00:23:00	16.07.2026 11:44:30	D'où viennent nos peurs ? 	Réflexion méditative		False	False	False	False	False	False	False	WoherAngst.jpg
596	43807	RückkehrSophia 1	LES	01:01:00	16.07.2026 12:14:30	Le retour de Sophia (1ère partie)	Le retour de Sophia, la sagesse divine, dans la maison du Père éternel 		False	False	False	False	False	False	False	FR_RueckkehrT1.jpg
600	36090	MitChristusBeten	MED	00:19:00	16.07.2026 13:24:30	Prier avec le Christ	Réflexion méditative		False	False	False	False	False	False	False	CH60MitChristusBeten_FR.jpg
603	26294	RufGabriele 4 Herzensanliegen	SON	00:07:30	16.07.2026 13:46:00	Une prière pour ce qui nous tient à cœur 	Un appel de Gabriele		False	False	False	False	False	False	False	Lilie.jpg
606	02304	Perlen in uns	MED	00:46:00	16.07.2026 13:57:00	Les perles en nous	« Les perles en nous. Le Royaume de Dieu, notre patrie éternelle » Gabriele nous fait découvrir au cours d’une description très complète ce qu’est notre patrie éternelle, les cieux purs. Elle explique également quel sens a notre vie sur Terre et de quelle manière nous pouvons développer à nouveau « les perles en nous », notre héritage divin, l’être spirituel en nous.		False	False	False	False	False	False	False	PerlenInUns.jpg
607	29176	Klassik Seele 50e_14	KONZ1	00:13:30	16.07.2026 14:43:00	Musique classique pour l'âme	Concerto pour violon et trompette de G.Ph. Telemann (juin 2016)		False	False	False	False	False	False	False	KlassikSeele.jpg
609	35173	SchuleLeben 02	DWS	00:27:30	16.07.2026 15:00:00	La véritable école, c'est la vie (02)	La force rédemptrice du Christ de Dieu en nous. Enseignements donnés par la Sagesse divine		False	False	False	False	False	False	False	DWS-FR_00B.jpg
612	19896	IhreGedanken 10 7So 	GH	00:15:00	16.07.2026 15:31:00	Pensées pour la journée, semaine 10  	Semaine 10 : Dimanche. Des aides pour la journée données par Gabriele.		False	False	False	False	False	False	False	Woche10GedankenTag.jpg
617	02305	Vater Unser	MED	00:30:30	16.07.2026 15:53:00	Méditation « Le Notre Père »	La prière du « Notre Père » que Jésus de Nazareth a enseignée nous montre le chemin vers Dieu, le chemin de l’amour pour Dieu et pour le prochain. Dans cette réflexion méditative sur le « Notre Père », accompagnée d’images de nature, Gabriele nous guide vers une compréhension profonde de cette prière universelle qui inclut toutes les formes de vie.		False	False	False	False	False	False	False	Vaterworte.jpg
619	45247	BemühtEuchNatur	OFF	00:11:30	16.07.2026 16:24:30	« Efforcez-vous de vivre de plus en plus en harmonie avec… »	L'Esprit du Christ de Dieu s'est révélé le 22 décembre 1996 à travers Gabriele, Sa prophétesse : « Efforcez-vous de vivre de plus en plus en harmonie avec la nature. Plus vous vous exercez à devenir silencieux et plus vous vous rapprochez du portail intérieur »		False	False	False	False	False	False	False	FR_BemuehtEuch_bearb.jpg
620	19896	IhreGedanken 10 7So 	GH	00:15:00	16.07.2026 16:36:00	Pensées pour la journée, semaine 10  	Semaine 10 : Dimanche. Des aides pour la journée données par Gabriele.		False	False	False	False	False	False	False	Woche10GedankenTag.jpg
622	33653	JugendProphet 03	LES	00:22:00	16.07.2026 16:52:00	Le jeune et le prophète (3)	Une conversation vivante entre un jeune et Gabriele qui répond avec spontanéité et profondeur aux questions qui lui sont posées, transmettant de vraies valeurs pour une vie positive et respectueuse de soi-même comme de toute vie. 		False	False	False	False	False	False	False	FR_JugendProphet_Bearb.jpg
624	44187	LebenIstKlang 1KiZ	LIOS	00:16:00	16.07.2026 17:15:00	Série « LIOBANI pour les petits et les grands »	« La Vie est mélodie. » L’école pour la Nouvelle Jérusalem, pour une autre époque – sous le signe du Christ de Dieu, de l’amour pour Dieu et pour le prochain.  		False	False	False	False	False	False	False	FR_LIOS_LebenKlang.jpg
627	36180	Handschreiben 02	GEKK	00:23:00	16.07.2026 17:34:00	L'école Liobani	Nous apprenons à écrire à la main. Aujourd'hui : B-a-u-m (Émission pour enfants) 		False	False	False	False	False	False	False	FR_Handschreiben2.jpg
629	30449	Gemeinschaften 10	FGE	00:23:30	16.07.2026 18:00:00	Les Communautés libres (10)	« Les Communautés libres sous le signe du Lys » Thème : L’appel de l’âme qui aspire à devenir libre.		False	False	False	False	False	False	False	FGE_VoegelImAufbruch.jpg
633	29106	InnereAndacht 10	MED	00:54:30	16.07.2026 18:28:00	Intériorisation et enseignement avec Gabriele (10)	Notre héritage éternel est lumière.		False	False	False	False	False	False	False	InnereAndacht_FR_Neu.jpg
639	35621	BotschaftAusDemAll 07 Saat	LES	00:26:30	16.07.2026 19:30:00	« Le message des Cieux » (07)	« La loi des semailles et des récoltes et la grâce de Dieu. »		False	False	False	False	False	False	False	GPH_00.jpg
645	47169	Christus Ostern25	OFF	00:25:30	16.07.2026 20:03:00	« Cheminez vers l'intérieur… »	Révélation du Christ de Dieu dans la Commune fondatrice du Seigneur pour l'édification du Royaume de Paix du Christ de Dieu à Pâques 2025, l'an 2 de l'Ère messianique et sophianique : « Cheminez vers l'intérieur. C’est là que Je vous attends, et Je sais comment vous guider »		False	False	False	False	False	False	False	FR_OFF_ChristusOstern25.jpg
647	35213	Auferstehungslicht	MED	00:38:00	16.07.2026 20:31:00	Le Christ, la lumière de la résurrection…	Réflexion méditative : « Le Christ, la lumière de la résurrection, rayonne dans notre âme »		False	False	False	False	False	False	False	Auferstehungslicht.jpg
651	43508	AuflösungFormen 3	SON	00:53:00	16.07.2026 21:15:30	Les préparatifs pour la dissolution… (3)	3ème partie « Les préparatifs pour la dissolution de toutes les formes densifiées et le retour du Christ de Dieu » 		False	False	False	False	False	False	False	FR_Aufloesung.jpg
657	34467	Klassik Seele 60A_26	KONZ1	00:26:00	16.07.2026 22:15:30	Musique classique pour l'âme	Concerto pour 2 trompettes en ré majeur de F. Manfredini, Allegro de la Sinfonia concertante pour hautbois, clarinette, basson, cor et orchestre en mi bémol majeur KV 297b et Laudate Dominum de W.A. Mozart (avril 2017)		False	False	False	False	False	False	False	KlassikSeele.jpg
658	32033	FindePositiveNächsten	MED	00:26:30	16.07.2026 22:41:30	« Trouve et affirme le positif en ton prochain » 	Méditation « Trouve et affirme le positif en ton prochain » Un exercice pour éveiller la conscience à la Vie intérieure.		False	False	False	False	False	False	False	FindePositiveImNächsten.jpg
661	36582	Klassik Seele 59c_15	KONZ1	00:14:30	16.07.2026 23:13:30	Musique classique pour l'âme	Concerto pour violon RV 569 d'A. Vivaldi (févr. 2017)		False	False	False	False	False	False	False	Orchestra.jpg
662	40626	Reinkarnation 03	LES	00:29:00	16.07.2026 23:28:00	La réincarnation (3) 	« La réincarnation. Une grâce de la Vie » La réincarnation existe-t-elle ? Qu’est-ce que la réincarnation ? Pourquoi sommes-nous sur Terre ? D’où venons-nous ? Où allons-nous ? L’âme a-t-elle la possibilité de s’incarner plusieurs fois ? Dans quelles conditions et avec quel but ?		False	False	False	False	False	False	False	DWSReinkarnation.jpg
664	32550	LilienzeitalterFusion	LES	01:13:30	17.07.2026 00:00:00	« L'Esprit de la vérité, l'Esprit de la fusion »	« Sophia, la Sagesse de Dieu – l'Esprit de la vérité, l'Esprit de la fusion : Esprit issu de Son Esprit, amour issu de Son amour » Gabriele relate le « Que cela soit » menant à la création, l’immense fusion cosmique impulsée par l’Esprit de la Vérité. Elle décrit comment l’Existence éternelle, la patrie de tous les êtres divins et notre origine à tous, s’est formée. En d’autres mots : elle décrit le début de la formation des premiers êtres et de l’incommensurable Royaume éternel.		False	False	False	False	False	False	False	LilieFusion.jpg
667	30583	ImGespräch 5	GR	00:20:00	17.07.2026 01:19:00	« Pour en savoir plus... » (05)	Pour en savoir plus... Reportage avec le Prof. Mojib Latif, climatologue.		False	False	False	False	False	False	False	GersprLatif.jpg
669	45446	JesusKamFürTiere	LES	00:39:00	17.07.2026 01:42:00	Jésus de Nazareth est aussi venu pour les animaux	Extraits de « Ceci est Ma Parole » sur l’amour de Jésus pour les animaux : « Jésus de Nazareth est aussi venu pour les animaux »		False	False	False	False	False	False	False	FR_JesusKamTiere.jpg
672	29728	InnereAndacht 14	MED	01:00:00	17.07.2026 02:22:00	Intériorisation et enseignement avec Gabriele (14)	Faisons vivre en nous chaque mot.		False	False	False	False	False	False	False	InnereAndacht_FR_Neu.jpg
680	43836	Gemeinschaften 13	FGE	00:15:30	17.07.2026 03:33:00	Les Communautés libres (13)	« Les Communautés libres sous le signe du Lys » Thème : « Partout où vous êtes rassemblés... » 		False	False	False	False	False	False	False	FR_FGE13.jpg
683	35872	SchuleLeben 14	DWS	00:24:30	17.07.2026 03:52:00	La véritable école, c'est la vie (14)	« L'harmonie est la vie de l'entreprise. » Enseignements donnés par la Sagesse divine.		False	False	False	False	False	False	False	DWSharmonieBetriebe.jpg
689	42207	FGE VS Les 12 SieSindNiAllein2	FGE	00:06:00	17.07.2026 04:23:00	Unis et sois (12)	« Nous sommes les Communautés libres - Unis et sois » Thèmes : Vous n’êtes pas seul & Le message de l’Infini		False	False	False	False	False	False	False	FR_FGE-VS.jpg
692	40721	Zellenstaat NEU	MED	00:26:00	17.07.2026 04:33:30	La société des cellules 	Réflexion méditative. Notre corps est composé de cellules. Certains parlent, avec éventuellement un peu de dévalorisation, d’un tas de cellules. D’autres nomment les cellules de notre corps la « société des cellules », ce qui est certainement plus juste…. 		False	False	False	False	False	False	False	Zellenstaat.jpg
698	27554	Sternstunden 04	MED	00:39:30	17.07.2026 05:08:00	« Moments lumineux avec Gabriele » (04)	Une personne nouvelle dans le courant de l'amour infini		False	False	False	False	False	False	False	Sternstunden.jpg
700	26950	RufGabriele 5 KommetZuMir	SON	00:08:00	17.07.2026 05:50:30	« Venez tous à Moi ! » 	Un appel du Christ de Dieu à travers Gabriele-Sophia		False	False	False	False	False	False	False	Lilie.jpg
702	27345	Sternstunden 5	MED	00:39:00	17.07.2026 06:00:00	« Moments lumineux avec Gabriele » (05)	L’âme lumineuse dans la lumière du Christ de Dieu 		False	False	False	False	False	False	False	Sternstunden05.jpg
705	19894	IhreGedanken 10 5Fr 	GH	00:15:00	17.07.2026 06:43:30	Pensées pour la journée, semaine 10  	Semaine 10 : Vendredi. Des aides pour la journée données par Gabriele.		False	False	False	False	False	False	False	Woche10GedankenTag.jpg
707	47842	SchuleLeben 37	DWS	00:20:00	17.07.2026 06:59:30	La véritable école, c'est la vie (37)	 « Être un imitateur et un suiveur - ou prendre sans destin en main et cheminer vers la source, la liberté » Enseignements donnés par la Sagesse divine.		False	False	False	False	False	False	False	FR_DWS_37Nachahmer.jpg
714	43484	FGE VS Les 23 TrostNotLeid	FGE	00:07:00	17.07.2026 07:27:30	Unis et sois (23)	« Nous sommes les Communautés libres - Unis et sois » Thèmes :  Paroles de réconfort & Le message de l’Infini		False	False	False	False	False	False	False	FR_FGE-VS.jpg
716	43485	FGE VS Les 24 WorteDesLebens2	FGE	00:08:00	17.07.2026 07:36:30	Unis et sois (24)	« Nous sommes les Communautés libres - Unis et sois » Thèmes : Paroles de Vie & La véritable école, c’est la vie		False	False	False	False	False	False	False	ES_FGE_VerbindeUndSei.jpg
719	02303	Es blüht Fr	MED	00:24:00	17.07.2026 07:47:00	Méditation « Floraison »	Cette méditation de Gabriele est un vrai cadeau qui nous fait ressentir notre vie véritable, divine et nous apprend à ressentir l’unité avec toutes les formes de vie, à communiquer avec la nature…		False	False	False	False	False	False	False	EsBlueht.jpg
722	19894	IhreGedanken 10 5Fr 	GH	00:15:00	17.07.2026 08:15:30	Pensées pour la journée, semaine 10  	Semaine 10 : Vendredi. Des aides pour la journée données par Gabriele.		False	False	False	False	False	False	False	Woche10GedankenTag.jpg
725	44949	AufgabeNaturwesen 2KiZ	LIOS	00:14:00	17.07.2026 08:33:00	Série « LIOBANI pour les petits et les grands »	« Les tâches des êtres de la nature. » L’école pour la Nouvelle Jérusalem, pour une autre époque – sous le signe du Christ de Dieu, de l’amour pour Dieu et pour le prochain.  		False	False	False	False	False	False	False	LIOS_Naturwesen.jpg
727	34528	LiebeVater 1KiZ	LIOS	00:09:30	17.07.2026 08:48:30	Série « LIOBANI pour les petits et les grands »	« L'amour de notre Père. » L'école pour la Nouvelle Jérusalem, pour une autre époque – sous le signe du Christ de Dieu, de l'amour pour Dieu et pour le prochain		False	False	False	False	False	False	False	Liobani1.jpg
729	36073	MachtDerLiebe	LES	01:12:00	17.07.2026 09:00:00	« Je loue la puissance de l'Amour »	Le retour de tous les enfants de Dieu dans les Cieux, dans la Patrie éternelle, et comment, en s’orientant sur la force de Dieu, ils sont accompagnés, guidés puis accueillis dans leurs familles spirituelles. Il y est question du chemin du retour vers l’Existence éternelle, vers l’Être éternel, où l’on apprend à pratiquer l’unité, l’égalité, la fraternité et la communication avec tous les êtres vivants.		False	False	False	False	False	False	False	GPH_00.jpg
732	32533	ImGespräch 6	GR	00:50:00	17.07.2026 10:17:30	« Pour en savoir plus... » (06)	Pour en savoir plus... Reportage avec Peter Berthold, ornithologue.		False	False	False	False	False	False	False	GesprBerthold.jpg
736	29729	InnereAndacht 15	MED	01:00:00	17.07.2026 11:14:30	Intériorisation et enseignement avec Gabriele (15)	Les yeux sont la lumière de l'âme…		False	False	False	False	False	False	False	InnereAndacht_00.jpg
744	26935	Gemeinschaften 01	FGE	00:08:00	17.07.2026 12:27:00	Les Communautés libres (01)	« Les Communautés libres sous le signe du Lys » Thème : Les paroles et les comportements sont des énergies. Où vont ces énergies ?		False	False	False	False	False	False	False	Lilie.jpg
746	26936	Gemeinschaften 02	FGE	00:09:00	17.07.2026 12:37:30	Les Communautés libres (02)	« Les Communautés libres sous le signe du Lys » Thème : Que contiennent nos sentiments, nos sensations, pensées et paroles ?		False	False	False	False	False	False	False	Lilie.jpg
749	36030	SchuleLeben 15	DWS	00:28:00	17.07.2026 12:48:30	La véritable école, c'est la vie (15)	« Qu’est-ce que la liberté ? Comment nous sommes-nous privés de notre liberté et comment la retrouver ? » Enseignements donnés par la Sagesse divine		False	False	False	False	False	False	False	Lilienzeitalter.jpg
755	42208	FGE VS Les 13 LebeAugenblick	FGE	00:07:00	17.07.2026 13:23:00	Unis et sois (13)	« Nous sommes les Communautés libres - Unis et sois » Thèmes : Vis l'instant – et tu te vois et te connais & « Ne baisse pas les bras ! Persévère ! » 		False	False	False	False	False	False	False	FR_FGE-VS.jpg
758	08206	Zuversicht 1	MED	00:11:00	17.07.2026 13:34:30	Méditation sur la confiance (01)	« Grâce à la  confiance profonde, notre vie intérieure devient riche. »  		False	False	False	False	False	False	False	BabyMutterHände.jpg
763	33153	JugendProphet 01	LES	00:25:00	17.07.2026 13:50:00	Le jeune et le prophète (1)	Une conversation vivante entre un jeune et Gabriele qui répond avec spontanéité et profondeur aux questions qui lui sont posées, transmettant de vraies valeurs pour une vie positive et respectueuse de soi-même comme de toute vie. 		False	False	False	False	False	False	False	FR_JugendProphet_Bearb.jpg
765	27217	RufGabriele 6 DerRuf	SON	00:13:00	17.07.2026 14:18:00	Un appel du Christ de Dieu	L'appel du Christ de Dieu donné par Gabriele, la prophétesse et messagère de Dieu		False	False	False	False	False	False	False	Ruf-6.jpg
766	32569	Klassik Seele 53b_11	KONZ1	00:10:30	17.07.2026 14:31:00	Musique classique pour l'âme	Isaac Albéniz, Suite espagnole op. 47 I. Grenade		False	False	False	False	False	False	False	KlassikSeele.jpg
767	36080	SchuleLeben 17	DWS	00:14:30	17.07.2026 14:41:30	La véritable école, c'est la vie (17)	Devenir une nouvelle personne. Comment rester fidèle à mes résolutions ? Enseignements donnés par la Sagesse divine		False	False	False	False	False	False	False	DWS-FR_00B.jpg
769	27780	Sternstunden 6	MED	00:30:00	17.07.2026 15:00:00	« Moments lumineux avec Gabriele » (06)	Sois silencieux, Dieu habite en toi. Le renouvellement de la vie qui vient de l'intérieur  		False	False	False	False	False	False	False	ÄsteMitSchneeSonne.jpg
771	19890	IhreGedanken 10 1Mo	GH	00:15:00	17.07.2026 15:32:30	Pensées pour la journée, semaine 10  	Semaine 10 : Lundi. Des aides pour la journée données par Gabriele.		False	False	False	False	False	False	False	Woche10GedankenTag.jpg
773	20884	Medikurs1 06	MED	00:26:00	17.07.2026 15:50:00	Méditer dans l'esprit du christianisme des origines (6)	« Mon âme s'ouvre comme une rose. » Ces méditations du christianisme des origines nous aident à orienter de plus en plus nos sentiments, nos pensées et nos actions sur Dieu, la Vie en nous et en toute existence. 		False	False	False	False	False	False	False	Medikurs.jpg
776	42331	FGE VS Les 20 ErfülltesLeben2	FGE	00:07:30	17.07.2026 16:21:30	Unis et sois (20)	« Nous sommes les Communautés libres - Unis et sois » Thème : Une vie riche jusqu'à un âge avancé 		False	False	False	False	False	False	False	FR_FGE-VS.jpg
779	45338	Christus Okt25	OFF	00:32:00	17.07.2026 16:32:30	« Je vous apporte la paix et l'amour »	Révélation du Christ de Dieu dans la Commune fondatrice du Seigneur pour l'édification du Royaume de Paix du Christ de Dieu, le 3 octobre 2025, l'an 2 de l'Ère messianique et sophianique : « Je vous apporte la paix et l'amour »		False	False	False	False	False	False	False	ChristusAbbildZelt.jpg
782	19891	IhreGedanken 10 2Di	GH	00:15:00	17.07.2026 17:08:30	Pensées pour la journée, semaine 10  	Semaine 10 : Mardi. Des aides pour la journée données par Gabriele.		False	False	False	False	False	False	False	Woche10GedankenTag.jpg
784	40244	Prüfungen 3KiZ 	LIOS	00:18:00	17.07.2026 17:24:30	Série « LIOBANI pour les petits et les grands »	« Ne pas avoir peur des examens écrits et oraux. » L’école pour la Nouvelle Jérusalem, pour une autre époque – sous le signe du Christ de Dieu, de l’amour pour Dieu et pour le prochain.  		False	False	False	False	False	False	False	Prüfungen.jpg
786	35389	WahrnehmungTiere 1KiZ	LIOS	00:13:30	17.07.2026 17:44:00	Série « LIOBANI pour les petits et les grands »	« La fine perception des animaux. » L'école pour la Nouvelle Jérusalem, pour une autre époque – sous le signe du Christ de Dieu, de l'amour pour Dieu et pour le prochain		False	False	False	False	False	False	False	LIOS_KIZ.jpg
788	47907	LebenDesSommers	MED	00:23:30	17.07.2026 17:59:30	La Vie de l'été, la maturité	Réflexion méditative : La Vie de l'été, la maturité - la Vie en nous		False	False	False	False	False	False	False	FR_MED_LebenDesSommers.jpg
790	46883	FGE JugendOstern	FGE	00:28:00	17.07.2026 18:27:00	Les jeunes dans les Communautés libres internationales du monde entier	Partout dans le monde, des jeunes suivent le chemin du Christ, le chemin de l’amour pour Dieu et pour ses prochains, qui englobe également la nature et les animaux. Ils vivent dans différents pays, répartis aux quatre coins du monde, et forment ce qu’on pourrait appeler une grande communauté libre et internationale...		False	False	False	False	False	False	False	JugenOstern.jpg
791	41437	Lauftext NeueZeit	SON	00:12:00	17.07.2026 18:55:00	Depuis janvier 2024, la Nouvelle Ère a commencé	Émission spéciale : « Depuis janvier 2024, la Nouvelle Ère a commencé. »		False	False	False	False	False	False	False	FR_LauftextNeueZeit.jpg
792	36583	Klassik Seele 59d_19	KONZ1	00:19:00	17.07.2026 19:07:00	Musique classique pour l'âme	Andante pour flûte et orchestre KV 315 et Allegro aperto du Concerto pour violon n° 5 de W.A. Mozart (févr. 2017)		False	False	False	False	False	False	False	Orchestra.jpg
793	33891	Bergpredigt 04	LES	00:24:30	17.07.2026 19:26:00	« Le Sermon sur la Montagne » (4) 	Le Sermon sur la Montagne de Jésus de Nazareth : « Réconcilie-toi avec ton prochain, pardonne et demande pardon »		False	False	False	False	False	False	False	Berg_FR-00.jpg
797	23423	DasIstMeinWort 04	LES	00:22:00	17.07.2026 19:55:30	« Ceci est Ma Parole » Chapitre 28	Jésus libère les animaux 		False	False	False	False	False	False	False	DIMW_FR-00.jpg
805	44381	Nachruhm	LES	00:24:30	17.07.2026 20:29:30	« Célébrité posthume » de Manfred Kyber 	Lecture d’une nouvelle traitant de la loi de cause à effet 		False	False	False	False	False	False	False	JesusTiere.jpg
814	43084	SchuleLeben 31	DWS	00:27:30	17.07.2026 21:07:30	La véritable école, c'est la vie (31)	« La psychologie divine. » Enseignements donnés par la Sagesse divine.		False	False	False	False	False	False	False	TatGalube.jpg
817	42207	FGE VS Les 12 SieSindNiAllein2	FGE	00:06:00	17.07.2026 21:40:30	Unis et sois (12)	« Nous sommes les Communautés libres - Unis et sois » Thèmes : Vous n’êtes pas seul & Le message de l’Infini		False	False	False	False	False	False	False	FR_FGE-VS.jpg
823	42829	Großinquisitor 1	LES	00:18:30	17.07.2026 21:51:30	« Le Grand Inquisiteur » (1)	Que se passerait-il si le Christ revenait vraiment ? Dans son roman « Les frères Karamazov », publié en 1880, Dostoïevski s'est penché en détail sur cette question à travers un récit intitulé « Le Grand Inquisiteur » (1ère partie)		False	False	False	False	False	False	False	FR_GrossInquisitor.jpg
826	40083	LebenAllLiebe	MED	00:28:00	17.07.2026 22:15:00	La Vie est amour cosmique universel 	Réflexion méditative		False	False	False	False	False	False	False	FR_CH264LebeAllLiebe.jpg
828	47064	Christus März26	OFF	00:18:30	17.07.2026 22:46:00	« Ma vie a été un symbole pour vous... »	Révélation du Christ de Dieu dans la Commune fondatrice du Seigneur pour l'édification du Royaume de Paix du Christ de Dieu qui a eu lieu en mars 2026, l'an 3 de l'Ère messianique et sophianique : « Ma vie a été un symbole pour vous, le symbole du service et de l'amour désintéressés »		False	False	False	False	False	False	False	ChristusMärz26.jpg
835	43836	Gemeinschaften 13	FGE	00:15:30	17.07.2026 23:09:30	Les Communautés libres (13)	« Les Communautés libres sous le signe du Lys » Thème : « Partout où vous êtes rassemblés... » 		False	False	False	False	False	False	False	FR_FGE13.jpg
839	29171	Klassik Seele 47d_16	KONZ1	00:16:00	17.07.2026 23:30:00	Musique classique pour l'âme	Andantino grazioso et Rondo allegro du Concerto pour violoncelle n° 9 de Luigi Boccherini, Sérénade du rossignol d'Enrico Tosseli (mai 2015)		False	False	False	False	False	False	False	KlassikSeele.jpg
840	04514	Aphorismen	MED	00:14:00	17.07.2026 23:46:00	Aphorismes 	Paroles de sagesse de Gabriele		False	False	False	False	False	False	False	Aphorismen.jpg
841	29127	Gemeinschaften 09	FGE	00:28:30	18.07.2026 00:00:00	Les Communautés libres (09)	« Les Communautés libres sous le signe du Lys » Thème : Nous redéveloppons notre héritage divin		False	False	False	False	False	False	False	FGE_Menschen.jpg
845	29053	InnereAndacht 09	MED	01:00:00	18.07.2026 00:33:00	Intériorisation et enseignement avec Gabriele (9)	Quoi qu’il arrive, le Christ, le soutien, la sécurité est en nous.		False	False	False	False	False	False	False	InnereAndacht_00.jpg
851	35371	BotschaftAusDemAll 06 Webstuhl	LES	00:26:30	18.07.2026 01:40:30	« Le message des Cieux » (06)	« L'âme est tel un métier à tisser. Tu tisses en elle tes sensations, tes pensées, tes paroles et tes actes. »		False	False	False	False	False	False	False	GPH_00.jpg
857	45338	Christus Okt25	OFF	00:32:00	18.07.2026 02:14:30	« Je vous apporte la paix et l'amour »	Révélation du Christ de Dieu dans la Commune fondatrice du Seigneur pour l'édification du Royaume de Paix du Christ de Dieu, le 3 octobre 2025, l'an 2 de l'Ère messianique et sophianique : « Je vous apporte la paix et l'amour »		False	False	False	False	False	False	False	ChristusAbbildZelt.jpg
859	40346	AllesWasLebt	MED	00:37:00	18.07.2026 02:49:00	Tout ce qui vit est en nous…	Réflexion méditative : « Tout ce qui vit est en nous. Tout ce qui vit rayonne vers nous et nous parle »		False	False	False	False	False	False	False	MED_AllesWasLebt.JPG
863	43507	AuflösungFormen 2	SON	00:52:30	18.07.2026 03:32:30	Les préparatifs pour la dissolution… (2)	2ème partie « Les préparatifs pour la dissolution de toutes les formes densifiées et le retour du Christ de Dieu » : La signification de l'acte de rédemption du Christ de Dieu et la fin de la Chute.		False	False	False	False	False	False	False	FR_Aufloesung.jpg
869	34467	Klassik Seele 60A_26	KONZ1	00:26:00	18.07.2026 04:32:00	Musique classique pour l'âme	Concerto pour 2 trompettes en ré majeur de F. Manfredini, Allegro de la Sinfonia concertante pour hautbois, clarinette, basson, cor et orchestre en mi bémol majeur KV 297b et Laudate Dominum de W.A. Mozart (avril 2017)		False	False	False	False	False	False	False	KlassikSeele.jpg
870	02303	Es blüht Fr	MED	00:24:00	18.07.2026 04:58:00	Méditation « Floraison »	Cette méditation de Gabriele est un vrai cadeau qui nous fait ressentir notre vie véritable, divine et nous apprend à ressentir l’unité avec toutes les formes de vie, à communiquer avec la nature…		False	False	False	False	False	False	False	EsBlueht.jpg
873	40566	Reinkarnation 02	LES	00:29:30	18.07.2026 05:27:30	La réincarnation (2) 	« La réincarnation. Une grâce de la Vie » La réincarnation existe-t-elle ? Qu’est-ce que la réincarnation ? Pourquoi sommes-nous sur Terre ? D’où venons-nous ? Où allons-nous ? L’âme a-t-elle la possibilité de s’incarner plusieurs fois ? Dans quelles conditions et avec quel but ?		False	False	False	False	False	False	False	DuLebstNichtEin.jpg
875	35766	GlaubeVertrauen	MED	00:34:00	18.07.2026 06:00:00	Foi et confiance	Réflexion méditative		False	False	False	False	False	False	False	CH27GlaubeVertrauen_FR.jpg
877	19895	IhreGedanken 10 6Sa	GH	00:15:00	18.07.2026 06:36:00	Pensées pour la journée, semaine 10  	Semaine 10 : Samedi. Des aides pour la journée données par Gabriele.		False	False	False	False	False	False	False	Woche10GedankenTag.jpg
879	45051	SchuleLeben 36	DWS	00:25:30	18.07.2026 06:53:00	La véritable école, c'est la vie (36)	 « Où sommes-nous avec notre conscience ? » Enseignements donnés par la Sagesse divine.		False	False	False	False	False	False	False	DWS_Allgemein.jpg
881	20884	Medikurs1 06	MED	00:26:00	18.07.2026 07:19:30	Méditer dans l'esprit du christianisme des origines (6)	« Mon âme s'ouvre comme une rose. » Ces méditations du christianisme des origines nous aident à orienter de plus en plus nos sentiments, nos pensées et nos actions sur Dieu, la Vie en nous et en toute existence. 		False	False	False	False	False	False	False	Medikurs.jpg
884	41654	FGE VerbindeSei 02	FGE	00:10:00	18.07.2026 07:52:00	Unis et sois (02)	« Nous sommes les Communautés libres - Unis et sois » Thème : Sa Parole - Présence éternelle.		False	False	False	False	False	False	False	FR_FGE-VS.jpg
888	19895	IhreGedanken 10 6Sa	GH	00:15:00	18.07.2026 08:07:30	Pensées pour la journée, semaine 10  	Semaine 10 : Samedi. Des aides pour la journée données par Gabriele.		False	False	False	False	False	False	False	Woche10GedankenTag.jpg
891	40224	Feuergeist 2KiZ 	LIOS	00:13:00	18.07.2026 08:26:30	Série « LIOBANI pour les petits et les grands »	« Les esprits du feu. » L’école pour la Nouvelle Jérusalem, pour une autre époque – sous le signe du Christ de Dieu, de l’amour pour Dieu et pour le prochain.  		False	False	False	False	False	False	False	fire-123784_1280.jpg
894	44994	Rotkehlchen 2KiZ	LIOS	00:14:30	18.07.2026 08:43:30	Série « LIOBANI pour les petits et les grands »	« Le rouge-gorge. » L’école pour la Nouvelle Jérusalem, pour une autre époque – sous le signe du Christ de Dieu, de l’amour pour Dieu et pour le prochain.  		False	False	False	False	False	False	False	LIOS_EvolutionsWiege.jpg
896	30449	Gemeinschaften 10	FGE	00:23:30	18.07.2026 09:00:00	Les Communautés libres (10)	« Les Communautés libres sous le signe du Lys » Thème : L’appel de l’âme qui aspire à devenir libre.		False	False	False	False	False	False	False	FGE_VoegelImAufbruch.jpg
900	29106	InnereAndacht 10	MED	00:54:30	18.07.2026 09:28:00	Intériorisation et enseignement avec Gabriele (10)	Notre héritage éternel est lumière.		False	False	False	False	False	False	False	InnereAndacht_FR_Neu.jpg
906	35621	BotschaftAusDemAll 07 Saat	LES	00:26:30	18.07.2026 10:30:00	« Le message des Cieux » (07)	« La loi des semailles et des récoltes et la grâce de Dieu. »		False	False	False	False	False	False	False	GPH_00.jpg
912	47169	Christus Ostern25	OFF	00:25:30	18.07.2026 11:03:00	« Cheminez vers l'intérieur… »	Révélation du Christ de Dieu dans la Commune fondatrice du Seigneur pour l'édification du Royaume de Paix du Christ de Dieu à Pâques 2025, l'an 2 de l'Ère messianique et sophianique : « Cheminez vers l'intérieur. C’est là que Je vous attends, et Je sais comment vous guider »		False	False	False	False	False	False	False	FR_OFF_ChristusOstern25.jpg
914	35213	Auferstehungslicht	MED	00:38:00	18.07.2026 11:31:00	Le Christ, la lumière de la résurrection…	Réflexion méditative : « Le Christ, la lumière de la résurrection, rayonne dans notre âme »		False	False	False	False	False	False	False	Auferstehungslicht.jpg
918	43508	AuflösungFormen 3	SON	00:53:00	18.07.2026 12:15:30	Les préparatifs pour la dissolution… (3)	3ème partie « Les préparatifs pour la dissolution de toutes les formes densifiées et le retour du Christ de Dieu » 		False	False	False	False	False	False	False	FR_Aufloesung.jpg
924	34467	Klassik Seele 60A_26	KONZ1	00:26:00	18.07.2026 13:15:30	Musique classique pour l'âme	Concerto pour 2 trompettes en ré majeur de F. Manfredini, Allegro de la Sinfonia concertante pour hautbois, clarinette, basson, cor et orchestre en mi bémol majeur KV 297b et Laudate Dominum de W.A. Mozart (avril 2017)		False	False	False	False	False	False	False	KlassikSeele.jpg
925	32033	FindePositiveNächsten	MED	00:26:30	18.07.2026 13:41:30	« Trouve et affirme le positif en ton prochain » 	Méditation « Trouve et affirme le positif en ton prochain » Un exercice pour éveiller la conscience à la Vie intérieure.		False	False	False	False	False	False	False	FindePositiveImNächsten.jpg
928	36582	Klassik Seele 59c_15	KONZ1	00:14:30	18.07.2026 14:13:30	Musique classique pour l'âme	Concerto pour violon RV 569 d'A. Vivaldi (févr. 2017)		False	False	False	False	False	False	False	Orchestra.jpg
929	40626	Reinkarnation 03	LES	00:29:00	18.07.2026 14:28:00	La réincarnation (3) 	« La réincarnation. Une grâce de la Vie » La réincarnation existe-t-elle ? Qu’est-ce que la réincarnation ? Pourquoi sommes-nous sur Terre ? D’où venons-nous ? Où allons-nous ? L’âme a-t-elle la possibilité de s’incarner plusieurs fois ? Dans quelles conditions et avec quel but ?		False	False	False	False	False	False	False	DWSReinkarnation.jpg
931	35756	SchuleLeben 12	DWS	00:27:00	18.07.2026 15:00:00	La véritable école, c'est la vie (12)	« Nous apprenons à focaliser notre attention. » Enseignements donnés par la Sagesse divine		False	False	False	False	False	False	False	Blume_Fokusieren.jpg
933	19891	IhreGedanken 10 2Di	GH	00:15:00	18.07.2026 15:30:30	Pensées pour la journée, semaine 10  	Semaine 10 : Mardi. Des aides pour la journée données par Gabriele.		False	False	False	False	False	False	False	Woche10GedankenTag.jpg
936	33458	LernenHineinzufühlen	MED	00:28:00	18.07.2026 15:49:00	« Apprenons à ressentir dans notre prochain » 	Méditation « Apprenons à ressentir dans notre prochain » 		False	False	False	False	False	False	False	LernenHineinfühlen.jpg
940	45227	GottVater Sept25	OFF	00:33:00	18.07.2026 16:21:30	 « Pourquoi avez-vous peur de l'amour que Je suis ? »	Révélation de Dieu-Père dans la Commune fondatrice du Seigneur pour l'édification du Royaume de Paix du Christ de Dieu, le 6 septembre 2025, l'an 2 de l'Ère messianique et sophianique : « Pourquoi avez-vous peur de l'amour que Je suis ? »		False	False	False	False	False	False	False	FR_OFF_GottVaterSept2025_bearb.jpg
943	19891	IhreGedanken 10 2Di	GH	00:15:00	18.07.2026 16:58:00	Pensées pour la journée, semaine 10  	Semaine 10 : Mardi. Des aides pour la journée données par Gabriele.		False	False	False	False	False	False	False	Woche10GedankenTag.jpg
945	47907	LebenDesSommers	MED	00:23:30	18.07.2026 17:14:30	La Vie de l'été, la maturité	Réflexion méditative : La Vie de l'été, la maturité - la Vie en nous		False	False	False	False	False	False	False	FR_MED_LebenDesSommers.jpg
948	44949	AufgabeNaturwesen 2KiZ	LIOS	00:14:00	18.07.2026 17:42:00	Série « LIOBANI pour les petits et les grands »	« Les tâches des êtres de la nature. » L’école pour la Nouvelle Jérusalem, pour une autre époque – sous le signe du Christ de Dieu, de l’amour pour Dieu et pour le prochain.  		False	False	False	False	False	False	False	LIOS_Naturwesen.jpg
951	47907	LebenDesSommers	MED	00:23:30	18.07.2026 18:00:00	La Vie de l'été, la maturité	Réflexion méditative : La Vie de l'été, la maturité - la Vie en nous		False	False	False	False	False	False	False	FR_MED_LebenDesSommers.jpg
957	08246	Zuversicht 3	MED	00:19:30	18.07.2026 18:31:00	Méditation sur la confiance (03)	« Rassemble régulièrement tes pensées positives et oriente-les vers les forces du Christ de Dieu en toi. »		False	False	False	False	False	False	False	Schmetterling1.jpg
962	28171	BodenlebenErde	FILM	00:53:30	18.07.2026 18:59:00	Le sol sur lequel nous vivons : un cosmos inconnu	Documentaire sur le monde vivant souterrain : Sous l’empreinte d'un seul pied, il y a plus d'êtres vivants qu'il n'y a d'êtres humains sur la Terre entière. Sans cette ingénieuse micro-création dans le sol avec ses minuscules êtres vivants, il n'y aurait pas de vie sur Terre. 		False	False	False	False	False	False	False	Bodenleben2.jpg
968	43210	FGE Rückmeldungen 05	FGE	00:17:30	18.07.2026 20:02:30	Nous lisons... tu veux écouter ? (5)	Ressentir dans ce que les autres disent... Des jeunes sur le chemin qui mène au Christ 		False	False	False	False	False	False	False	TaubeMitBrief.jpg
971	45338	Christus Okt25	OFF	00:32:00	18.07.2026 20:26:30	« Je vous apporte la paix et l'amour »	Révélation du Christ de Dieu dans la Commune fondatrice du Seigneur pour l'édification du Royaume de Paix du Christ de Dieu, le 3 octobre 2025, l'an 2 de l'Ère messianique et sophianique : « Je vous apporte la paix et l'amour »		False	False	False	False	False	False	False	ChristusAbbildZelt.jpg
973	44702	FGE Rückmeldungen 08	FGE	00:16:30	18.07.2026 21:02:00	Nous lisons... tu veux écouter ? (8)	Ressentir dans ce que les autres disent... Des jeunes sur le chemin qui mène au Christ 		False	False	False	False	False	False	False	FR_FGE_Rueckmeldung01.jpg
975	40742	Männerwelt Teil 1	SON	01:14:00	18.07.2026 21:20:30	Le monde des hommes… (1)	« Le monde des hommes hier et aujourd'hui. Les trois qualités du Dieu Père-Mère et la capitulation du sataniste » Un vaste aperçu des évènements cosmiques très anciens qui ont eu lieu depuis le début de la chute hors du Royaume de Dieu… 		False	False	False	False	False	False	False	FR_Maennerwelt.jpg
978	32206	Sternstunden 09	MED	00:46:00	18.07.2026 22:40:30	« Moments lumineux avec Gabriele » (09)	Le bonheur et la santé viennent de l'intérieur.		False	False	False	False	False	False	False	Sternstunden.jpg
980	39391	ChristusSeelenarzt	MED	00:16:30	18.07.2026 23:32:00	Le Christ en nous, le médecin de l'âme	Prière méditative		False	False	False	False	False	False	False	BotschaftAusDemAll 03.jpg
982	26294	RufGabriele 4 Herzensanliegen	SON	00:07:30	18.07.2026 23:52:30	Une prière pour ce qui nous tient à cœur 	Un appel de Gabriele		False	False	False	False	False	False	False	Lilie.jpg
983	47970	GemeindeFels Juli2026	SON	01:20:00	19.07.2026 00:00:00	Rencontre dans l'esprit du christianisme des origines à la fontaine du Rocher du Christ, en juillet 2026, l'an 3 de l'Ère messianique et sophianique	Rencontre dans l'esprit du christianisme des origines à la fontaine du Rocher du Christ, en juillet 2026, l'an 3 de l'Ère messianique et sophianique		False	False	False	False	False	False	False	GemeindeFelsJul3.jpg
985	33890	Bergpredigt 03	LES	00:28:30	19.07.2026 01:24:00	« Le Sermon sur la Montagne » (3) 	Le Sermon sur la Montagne de Jésus de Nazareth : « Suivez-Moi » & « Respectez les commandements, puis alors seulement enseignez »		False	False	False	False	False	False	False	Berg_FR-00.jpg
989	41127	Zelt DasIstMeinWort 02 WEB	LES-ZELT	00:26:00	19.07.2026 01:57:30	« Ceci est Ma Parole » (02)	« Lecture dans la Tente de Dieu : Ceci est Ma Parole » Thème : Pourquoi le Christ s'est-Il incarné en Jésus de Nazareth et que nous a  apporté Son acte de rédemption ?		False	False	False	False	False	False	False	PalmenOase.jpg
995	22615	LebenFüchsen	FILM	00:18:00	19.07.2026 02:30:00	Plus que des amis. Vivre avec les renards	Documentaire : L'histoire d'une amitié particulière entre un homme et un animal. 		False	False	False	False	False	False	False	LebenFuechsen.jpg
1002	41789	SchuleLeben 30	DWS	00:28:30	19.07.2026 02:56:30	La véritable école, c'est la vie (30)	La liberté, l'unité et l'amour de Dieu. Enseignements donnés par la Sagesse divine		False	False	False	False	False	False	False	FR_DWS30.jpg
1005	42206	FGE VS Les 11 Vaterworte	FGE	00:07:00	19.07.2026 03:30:30	Unis et sois (11)	« Nous sommes les Communautés libres - Unis et sois » Thème : Paroles du Père, également pour toi		False	False	False	False	False	False	False	FR_FGE-VS.jpg
1011	35621	BotschaftAusDemAll 07 Saat	LES	00:26:30	19.07.2026 03:42:30	« Le message des Cieux » (07)	« La loi des semailles et des récoltes et la grâce de Dieu. »		False	False	False	False	False	False	False	GPH_00.jpg
1014	08331	JederAtemzug	MED	00:30:00	19.07.2026 04:14:00	« Chaque respiration est la présence de Dieu »	Méditation. Si nous respirons consciemment, nous ressentons que Dieu respire à travers nous, car Dieu est la Vie…		False	False	False	False	False	False	False	JederAtemzug.jpg
1016	46876	GottVater Feb26	OFF	00:36:00	19.07.2026 04:47:00	« Je suis la Vie. Regardez votre monde… »	Révélation de Dieu-Père dans la Commune fondatrice du Seigneur pour l'édification du Royaume de Paix du Christ de Dieu, en février 2026, l'an 3 de l'Ère messianique et sophianique : « Je suis la Vie. Regardez votre monde, voyez ce que vous avez fait. »		False	False	False	False	False	False	False	CHFeuerSchüssel.jpg
1023	42327	Gemeinschaften 12	FGE	00:14:00	19.07.2026 05:28:00	Les Communautés libres (12)	« Les Communautés libres sous le signe du Lys » Thème : La vie est évolution		False	False	False	False	False	False	False	FR_Gemeinschaften12.jpg
1026	34470	Klassik Seele 60d_15	KONZ1	00:14:30	19.07.2026 05:45:30	Musique classique pour l'âme	Allegro de la Sinfonia concertante pour hautbois, clarinette, basson, cor et orchestre en mi bémol majeur KV 297b de W.A. Mozart (avril 2017)		False	False	False	False	False	False	False	KlassikSeele.jpg
1027	35173	SchuleLeben 02	DWS	00:27:30	19.07.2026 06:00:00	La véritable école, c'est la vie (02)	La force rédemptrice du Christ de Dieu en nous. Enseignements donnés par la Sagesse divine		False	False	False	False	False	False	False	DWS-FR_00B.jpg
1030	19896	IhreGedanken 10 7So 	GH	00:15:00	19.07.2026 06:31:00	Pensées pour la journée, semaine 10  	Semaine 10 : Dimanche. Des aides pour la journée données par Gabriele.		False	False	False	False	False	False	False	Woche10GedankenTag.jpg
1035	02305	Vater Unser	MED	00:30:30	19.07.2026 06:53:00	Méditation « Le Notre Père »	La prière du « Notre Père » que Jésus de Nazareth a enseignée nous montre le chemin vers Dieu, le chemin de l’amour pour Dieu et pour le prochain. Dans cette réflexion méditative sur le « Notre Père », accompagnée d’images de nature, Gabriele nous guide vers une compréhension profonde de cette prière universelle qui inclut toutes les formes de vie.		False	False	False	False	False	False	False	Vaterworte.jpg
1037	45247	BemühtEuchNatur	OFF	00:11:30	19.07.2026 07:24:30	« Efforcez-vous de vivre de plus en plus en harmonie avec… »	L'Esprit du Christ de Dieu s'est révélé le 22 décembre 1996 à travers Gabriele, Sa prophétesse : « Efforcez-vous de vivre de plus en plus en harmonie avec la nature. Plus vous vous exercez à devenir silencieux et plus vous vous rapprochez du portail intérieur »		False	False	False	False	False	False	False	FR_BemuehtEuch_bearb.jpg
1038	19896	IhreGedanken 10 7So 	GH	00:15:00	19.07.2026 07:36:00	Pensées pour la journée, semaine 10  	Semaine 10 : Dimanche. Des aides pour la journée données par Gabriele.		False	False	False	False	False	False	False	Woche10GedankenTag.jpg
1040	33653	JugendProphet 03	LES	00:22:00	19.07.2026 07:52:00	Le jeune et le prophète (3)	Une conversation vivante entre un jeune et Gabriele qui répond avec spontanéité et profondeur aux questions qui lui sont posées, transmettant de vraies valeurs pour une vie positive et respectueuse de soi-même comme de toute vie. 		False	False	False	False	False	False	False	FR_JugendProphet_Bearb.jpg
1042	44187	LebenIstKlang 1KiZ	LIOS	00:16:00	19.07.2026 08:15:00	Série « LIOBANI pour les petits et les grands »	« La Vie est mélodie. » L’école pour la Nouvelle Jérusalem, pour une autre époque – sous le signe du Christ de Dieu, de l’amour pour Dieu et pour le prochain.  		False	False	False	False	False	False	False	FR_LIOS_LebenKlang.jpg
1045	36180	Handschreiben 02	GEKK	00:23:00	19.07.2026 08:34:00	L'école Liobani	Nous apprenons à écrire à la main. Aujourd'hui : B-a-u-m (Émission pour enfants) 		False	False	False	False	False	False	False	FR_Handschreiben2.jpg
1047	47970	GemeindeFels Juli2026	SON	01:20:00	19.07.2026 09:00:00	Rencontre dans l'esprit du christianisme des origines à la fontaine du Rocher du Christ, en juillet 2026, l'an 3 de l'Ère messianique et sophianique	Rencontre dans l'esprit du christianisme des origines à la fontaine du Rocher du Christ, en juillet 2026, l'an 3 de l'Ère messianique et sophianique		False	False	False	False	False	False	False	GemeindeFelsJul3.jpg
1050	33891	Bergpredigt 04	LES	00:24:30	19.07.2026 10:26:00	« Le Sermon sur la Montagne » (4) 	Le Sermon sur la Montagne de Jésus de Nazareth : « Réconcilie-toi avec ton prochain, pardonne et demande pardon »		False	False	False	False	False	False	False	Berg_FR-00.jpg
1054	23423	DasIstMeinWort 04	LES	00:22:00	19.07.2026 10:55:30	« Ceci est Ma Parole » Chapitre 28	Jésus libère les animaux 		False	False	False	False	False	False	False	DIMW_FR-00.jpg
1062	44381	Nachruhm	LES	00:24:30	19.07.2026 11:29:30	« Célébrité posthume » de Manfred Kyber 	Lecture d’une nouvelle traitant de la loi de cause à effet 		False	False	False	False	False	False	False	JesusTiere.jpg
1071	43084	SchuleLeben 31	DWS	00:27:30	19.07.2026 12:07:30	La véritable école, c'est la vie (31)	« La psychologie divine. » Enseignements donnés par la Sagesse divine.		False	False	False	False	False	False	False	TatGalube.jpg
1074	42207	FGE VS Les 12 SieSindNiAllein2	FGE	00:06:00	19.07.2026 12:40:30	Unis et sois (12)	« Nous sommes les Communautés libres - Unis et sois » Thèmes : Vous n’êtes pas seul & Le message de l’Infini		False	False	False	False	False	False	False	FR_FGE-VS.jpg
1080	42829	Großinquisitor 1	LES	00:18:30	19.07.2026 12:51:30	« Le Grand Inquisiteur » (1)	Que se passerait-il si le Christ revenait vraiment ? Dans son roman « Les frères Karamazov », publié en 1880, Dostoïevski s'est penché en détail sur cette question à travers un récit intitulé « Le Grand Inquisiteur » (1ère partie)		False	False	False	False	False	False	False	FR_GrossInquisitor.jpg
1083	40083	LebenAllLiebe	MED	00:28:00	19.07.2026 13:15:00	La Vie est amour cosmique universel 	Réflexion méditative		False	False	False	False	False	False	False	FR_CH264LebeAllLiebe.jpg
1085	47064	Christus März26	OFF	00:18:30	19.07.2026 13:46:00	« Ma vie a été un symbole pour vous... »	Révélation du Christ de Dieu dans la Commune fondatrice du Seigneur pour l'édification du Royaume de Paix du Christ de Dieu qui a eu lieu en mars 2026, l'an 3 de l'Ère messianique et sophianique : « Ma vie a été un symbole pour vous, le symbole du service et de l'amour désintéressés »		False	False	False	False	False	False	False	ChristusMärz26.jpg
1092	43836	Gemeinschaften 13	FGE	00:15:30	19.07.2026 14:09:30	Les Communautés libres (13)	« Les Communautés libres sous le signe du Lys » Thème : « Partout où vous êtes rassemblés... » 		False	False	False	False	False	False	False	FR_FGE13.jpg
1096	29171	Klassik Seele 47d_16	KONZ1	00:16:00	19.07.2026 14:30:00	Musique classique pour l'âme	Andantino grazioso et Rondo allegro du Concerto pour violoncelle n° 9 de Luigi Boccherini, Sérénade du rossignol d'Enrico Tosseli (mai 2015)		False	False	False	False	False	False	False	KlassikSeele.jpg
1097	04514	Aphorismen	MED	00:14:00	19.07.2026 14:46:00	Aphorismes 	Paroles de sagesse de Gabriele		False	False	False	False	False	False	False	Aphorismen.jpg
1100	35766	GlaubeVertrauen	MED	00:34:00	19.07.2026 15:03:30	Foi et confiance	Réflexion méditative		False	False	False	False	False	False	False	CH27GlaubeVertrauen_FR.jpg
1102	19892	IhreGedanken 10 3Mi	GH	00:15:00	19.07.2026 15:41:30	Pensées pour la journée, semaine 10  	Semaine 10 : Mercredi. Des aides pour la journée données par Gabriele.		False	False	False	False	False	False	False	Woche10GedankenTag.jpg
1104	35313	SchuleLeben 03	DWS	00:17:00	19.07.2026 15:57:00	La véritable école, c'est la vie (03)	 « Le film de notre vie » Lorsque le film de notre vie revient en arrière. Enseignements donnés par la Sagesse divine.		False	False	False	False	False	False	False	DWS-FR_03.jpg
1107	43210	FGE Rückmeldungen 05	FGE	00:17:30	19.07.2026 16:18:00	Nous lisons... tu veux écouter ? (5)	Ressentir dans ce que les autres disent... Des jeunes sur le chemin qui mène au Christ 		False	False	False	False	False	False	False	TaubeMitBrief.jpg
1109	42210	FGE VS Les 15 Lebensperlen2	FGE	00:06:30	19.07.2026 16:37:30	Unis et sois (15)	« Nous sommes les Communautés libres - Unis et sois » Thèmes : Perles de Vie & De l’homme ou de l’animal, qui a les valeurs les plus élevées ? 		False	False	False	False	False	False	False	FR_FGE-VS.jpg
1112	39317	Herzensgebete	MED	00:13:00	19.07.2026 16:47:30	Des prières venant du cœur nourrissent l'âme	Réflexion méditative : « Des prières venant du cœur nourrissent l'âme. »		False	False	False	False	False	False	False	FR_CH104Herzensgebet.jpg
1115	19892	IhreGedanken 10 3Mi	GH	00:15:00	19.07.2026 17:04:30	Pensées pour la journée, semaine 10  	Semaine 10 : Mercredi. Des aides pour la journée données par Gabriele.		False	False	False	False	False	False	False	Woche10GedankenTag.jpg
1118	34536	Gedankenwesen 2KiZ	LIOS	00:14:30	19.07.2026 17:24:30	Série « LIOBANI pour les petits et les grands »	« Les "êtres-pensées" invisibles. » L’école pour la Nouvelle Jérusalem, pour une autre époque – sous le signe du Christ de Dieu, de l’amour pour Dieu et pour le prochain.		False	False	False	False	False	False	False	LiobaniSchule_FR.jpg
1121	25592	KuckuckRuft TB	GEKK	00:11:30	19.07.2026 17:44:30	Le coucou  « Je t'appelle »	Dessin animé pour enfants		False	False	False	False	False	False	False	DerKuckuck2.jpg
1123	23771	DasIstMeinWort 12	LES	00:24:30	19.07.2026 18:00:00	« Ceci est Ma Parole » Chapitre 75	Le dernier repas pascal		False	False	False	False	False	False	False	DIMW_FR-00.jpg
1126	39317	Herzensgebete	MED	00:13:00	19.07.2026 18:28:30	Des prières venant du cœur nourrissent l'âme	Réflexion méditative : « Des prières venant du cœur nourrissent l'âme. »		False	False	False	False	False	False	False	FR_CH104Herzensgebet.jpg
1129	30815	InnereAndacht 19	MED	01:00:00	19.07.2026 18:43:30	Intériorisation et enseignement avec Gabriele (19)	Dans le silence intérieur, nous ressentons que Dieu est tout proche de nous. Un enseignement avec des exercices.		False	False	False	False	False	False	False	InnereAndacht19.jpg
1134	27918	InnererWeg 18	GR-IW	00:29:30	19.07.2026 19:47:30	Le Chemin Intérieur (18)	Niveau de l'Ordre : « Éducation du toucher (suite) & Maintien du corps » Le Chemin Intérieur menant à la conscience cosmique est un enseignement spirituel progressif et concret pour développer sa conscience. Au plus profond de nous-mêmes, nous sommes des êtres divins en communication avec la Vie, Dieu en nous et dans toute la création ! Comment retrouver cette origine divine, l’amour pour Dieu – Dieu en nous, l’Esprit libre – et pour nos prochains ? Pour cela il nous faut purifier notre âme... 		False	False	False	False	False	False	False	IW_FR.jpg
1136	34117	Bergpredigt 08	LES	00:26:00	19.07.2026 20:19:30	« Le Sermon sur la Montagne » (8) 	Le Sermon sur la Montagne de Jésus de Nazareth : « Là où est ton trésor, là est aussi ton cœur » & « Cherchez d’abord le Royaume de Dieu »		False	False	False	False	False	False	False	Berg_FR-00.jpg
1141	47805	MeinLeben 01	LES	00:37:00	19.07.2026 20:50:00	La vie que j'ai moi-même choisie (1)	Qu’est-ce que la vie en réalité ? Pourquoi chacun a-t-il une vie si différente et comment lui donner un cours positif ? (1ère partie)		False	False	False	False	False	False	False	FR_MeinLebenGewaehlt_1.jpg
1143	26950	RufGabriele 5 KommetZuMir	SON	00:08:00	19.07.2026 21:29:30	« Venez tous à Moi ! » 	Un appel du Christ de Dieu à travers Gabriele-Sophia		False	False	False	False	False	False	False	Lilie.jpg
1145	28803	Katharer	GR	00:43:30	19.07.2026 21:40:30	Sur les traces des Cathares	Leur foi et leur vie. Les Cathares, victimes des persécutions de l'Église		False	False	False	False	False	False	False	FR_SpuerenSucheKatharer.jpg
1147	41654	FGE VerbindeSei 02	FGE	00:10:00	19.07.2026 22:27:30	Unis et sois (02)	« Nous sommes les Communautés libres - Unis et sois » Thème : Sa Parole - Présence éternelle.		False	False	False	False	False	False	False	FR_FGE-VS.jpg
1150	47907	LebenDesSommers	MED	00:23:30	19.07.2026 22:39:30	La Vie de l'été, la maturité	Réflexion méditative : La Vie de l'été, la maturité - la Vie en nous		False	False	False	False	False	False	False	FR_MED_LebenDesSommers.jpg
1158	38106	SchuleLeben 24	DWS	00:19:30	19.07.2026 23:14:00	La véritable école, c'est la vie (24)	« Se réincarner ou renaître dans l'Esprit. » Enseignements donnés par la Sagesse divine.		False	False	False	False	False	False	False	Reinkarnation.jpg
1162	41366	Zelt SeeleWegVollendung 03 WEB 	LES-ZELT	00:22:00	19.07.2026 23:36:00	« l'âme sur son chemin... » (3) 	« L'âme sur son chemin jusqu'à la perfection » Qu'est-ce que l'âme doit apprendre durant ses incarnations sur Terre ainsi que dans l'au-delà ? Le Christ répond à de nombreuses questions et explique le retour de l'âme jusqu'à la maison du Père. 		False	False	False	False	False	False	False	DerWeg03.jpg